start_time,bat_landing_to_food,habit,rat_period_start,rat_period_end,seconds_after_rat_arrival,risk,reward,month,sunset_time,hours_after_sunset,season,habit_raw,fight
30/12/17 18:37,16,rat,30/12/17 18:35,30/12/17 18:38,108,1,0,0,30/12/17 16:45,1.870833333,0,rat,0
30/12/17 19:51,0.074015603,fast,30/12/17 19:50,30/12/17 19:55,17,0,1,0,30/12/17 16:45,3.100833333,0,fast,0
30/12/17 19:51,4,fast,30/12/17 19:50,30/12/17 19:55,41,0,1,0,30/12/17 16:45,3.1075,0,fast,0
30/12/17 19:52,10,rat,30/12/17 19:50,30/12/17 19:55,111,1,0,0,30/12/17 16:45,3.126944444,0,rat,0
30/12/17 19:54,15,rat,30/12/17 19:50,30/12/17 19:55,194,1,0,0,30/12/17 16:45,3.15,0,rat,0
30/12/17 19:54,24,rat,30/12/17 19:50,30/12/17 19:55,215,1,0,0,30/12/17 16:45,3.155833333,0,rat,0
30/12/17 19:54,13,rat,30/12/17 19:50,30/12/17 19:55,253,1,0,0,30/12/17 16:45,3.166388889,0,rat,0
26/12/17 21:24,15,rat,26/12/17 21:22,26/12/17 21:27,88,1,0,0,26/12/17 16:43,4.684444444,0,rat,0
26/12/17 21:24,6,pick,26/12/17 21:22,26/12/17 21:27,113,0,1,0,26/12/17 16:43,4.691388889,0,pick,0
26/12/17 21:24,3,fast,26/12/17 21:22,26/12/17 21:27,121,0,1,0,26/12/17 16:43,4.693611111,0,fast,0
26/12/17 21:24,5,pick,26/12/17 21:22,26/12/17 21:27,128,0,1,0,26/12/17 16:43,4.695555556,0,pick,0
26/12/17 21:25,6,pick,26/12/17 21:22,26/12/17 21:27,153,0,1,0,26/12/17 16:43,4.7025,0,pick,0
26/12/17 21:26,10,rat,26/12/17 21:22,26/12/17 21:27,208,1,0,0,26/12/17 16:43,4.717777778,0,rat,0
26/12/17 21:26,1,bat,26/12/17 21:22,26/12/17 21:27,216,1,0,0,26/12/17 16:43,4.72,0,bat_fight,1
27/12/17 01:35,2,rat,27/12/17 01:34,27/12/17 01:41,37,1,0,0,26/12/17 16:43,8.8725,0,rat_and_no_food,0
26/12/17 20:57,5,other,26/12/17 20:53,26/12/17 20:58,199,0,0,0,26/12/17 16:43,4.2375,0,nan,0
26/12/17 20:57,1,other,26/12/17 20:53,26/12/17 20:58,239,0,0,0,26/12/17 16:43,4.248611111,0,nan,0
28/12/17 19:36,1,fast,28/12/17 19:35,28/12/17 19:46,14,0,1,0,28/12/17 16:44,2.868888889,0,fast,0
28/12/17 19:36,2,rat,28/12/17 19:35,28/12/17 19:46,40,1,0,0,28/12/17 16:44,2.876111111,0,rat,0
28/12/17 19:37,26,rat,28/12/17 19:35,28/12/17 19:46,68,1,0,0,28/12/17 16:44,2.883888889,0,rat,0
28/12/17 19:44,5,rat,28/12/17 19:35,28/12/17 19:46,521,1,0,0,28/12/17 16:44,3.009722222,0,rat_and_others,0
28/12/17 19:45,15,pick,28/12/17 19:35,28/12/17 19:46,564,1,1,0,28/12/17 16:44,3.021666667,0,pick_and_others,0
28/12/17 19:46,24,rat,28/12/17 19:35,28/12/17 19:46,607,1,0,0,28/12/17 16:44,3.033611111,0,rat,0
28/12/17 03:58,2,fast,28/12/17 03:56,28/12/17 04:13,107,0,1,0,27/12/17 16:43,11.26277778,0,fast,0
28/12/17 04:02,2,fast,28/12/17 03:56,28/12/17 04:13,358,0,1,0,27/12/17 16:43,11.3325,0,fast,0
28/12/17 04:11,1,other,28/12/17 03:56,28/12/17 04:13,852,0,0,0,27/12/17 16:43,11.46972222,0,nan,0
27/1/18 23:44,0.049410419,fast,27/1/18 23:44,27/1/18 23:50,12,0,1,1,27/1/18 17:09,6.591111111,0,fast,0
27/1/18 23:44,1,fast,27/1/18 23:44,27/1/18 23:50,14,0,1,1,27/1/18 17:09,6.591666667,0,fast,0
27/1/18 23:45,6,rat,27/1/18 23:44,27/1/18 23:50,49,1,0,1,27/1/18 17:09,6.601388889,0,rat,0
27/1/18 23:45,3,fast,27/1/18 23:44,27/1/18 23:50,68,0,1,1,27/1/18 17:09,6.606666667,0,fast,0
27/1/18 23:45,8,rat,27/1/18 23:44,27/1/18 23:50,84,1,0,1,27/1/18 17:09,6.611111111,0,rat,0
27/1/18 23:46,31,rat,27/1/18 23:44,27/1/18 23:50,122,1,0,1,27/1/18 17:09,6.621666667,0,rat,0
27/1/18 23:47,0.010695699,fast,27/1/18 23:44,27/1/18 23:50,186,0,1,1,27/1/18 17:09,6.639444444,0,fast,0
27/1/18 23:48,2,fast,27/1/18 23:44,27/1/18 23:50,231,0,1,1,27/1/18 17:09,6.651944444,0,fast,0
27/1/18 23:48,1,other,27/1/18 23:44,27/1/18 23:50,246,0,0,1,27/1/18 17:09,6.656111111,0,gaze,0
27/1/18 23:48,9,pick,27/1/18 23:44,27/1/18 23:50,253,0,1,1,27/1/18 17:09,6.658055556,0,pick,0
27/1/18 23:50,6,pick,27/1/18 23:44,27/1/18 23:50,355,0,1,1,27/1/18 17:09,6.686388889,0,pick,0
28/1/18 04:20,11,pick,28/1/18 04:08,28/1/18 04:20,742,0,1,1,27/1/18 17:09,11.1975,0,pick,0
1/1/18 01:52,2,fast,1/1/18 01:50,1/1/18 01:55,115,0,1,1,31/12/17 16:46,9.108333333,0,fast,0
31/1/18 19:44,3,rat,31/1/18 19:41,31/1/18 19:45,195,1,0,1,31/1/18 17:13,2.522777778,0,rat,0
31/1/18 22:23,1,fast,31/1/18 22:20,31/1/18 22:24,168,0,1,1,31/1/18 17:13,5.168333333,0,fast,0
1/10/18 23:34,4,other,1/10/18 23:32,1/10/18 23:34,113,0,0,1,1/10/18 16:54,6.673888889,0,nan,0
1/10/18 04:12,1,rat,1/10/18 04:07,1/10/18 04:15,306,1,0,1,1/9/18 16:53,11.32222222,0,rat,0
28/1/18 19:56,1,fast,28/1/18 19:56,28/1/18 20:10,9,0,1,1,28/1/18 17:10,2.770833333,0,fast,0
28/1/18 20:03,1,rat,28/1/18 19:56,28/1/18 20:10,456,1,0,1,28/1/18 17:10,2.895,0,rat,0
28/1/18 20:04,0.035319187,rat,28/1/18 19:56,28/1/18 20:10,528,1,0,1,28/1/18 17:10,2.915,0,rat,0
28/1/18 20:05,1,rat,28/1/18 19:56,28/1/18 20:10,534,1,0,1,28/1/18 17:10,2.916666667,0,rat,0
28/1/18 20:05,7,rat,28/1/18 19:56,28/1/18 20:10,545,1,1,1,28/1/18 17:10,2.919722222,0,pick_rat,0
28/1/18 20:05,1,fast,28/1/18 19:56,28/1/18 20:10,551,0,1,1,28/1/18 17:10,2.921388889,0,fast,0
28/1/18 20:05,0.034803066,fast,28/1/18 19:56,28/1/18 20:10,569,0,1,1,28/1/18 17:10,2.926388889,0,fast,0
28/1/18 20:05,1,rat,28/1/18 19:56,28/1/18 20:10,583,1,0,1,28/1/18 17:10,2.930277778,0,rat,0
28/1/18 20:05,1,fast,28/1/18 19:56,28/1/18 20:10,589,0,1,1,28/1/18 17:10,2.931944444,0,fast,0
28/1/18 20:06,2,fast,28/1/18 19:56,28/1/18 20:10,627,0,1,1,28/1/18 17:10,2.9425,0,fast,0
28/1/18 20:06,1,fast,28/1/18 19:56,28/1/18 20:10,631,0,1,1,28/1/18 17:10,2.943611111,0,fast,0
28/1/18 20:06,4,fast,28/1/18 19:56,28/1/18 20:10,642,0,1,1,28/1/18 17:10,2.946666667,0,fast,0
28/1/18 20:08,4,pick,28/1/18 19:56,28/1/18 20:10,720,0,1,1,28/1/18 17:10,2.968333333,0,pick,0
28/1/18 20:09,3,rat,28/1/18 19:56,28/1/18 20:10,824,1,0,1,28/1/18 17:10,2.997222222,0,rat,0
29/1/18 01:32,22,pick,29/1/18 01:29,29/1/18 01:33,225,0,1,1,28/1/18 17:10,8.381666667,0,pick,0
28/1/18 19:58,1,rat,28/1/18 19:56,28/1/18 20:10,162,1,0,1,28/1/18 17:10,2.813333333,0,rat,0
20/2/18 01:49,2,rat,20/2/18 01:47,20/2/18 01:50,151,1,0,2,19/2/18 17:30,8.333055556,0,rat,0
20/2/18 03:10,1,rat,20/2/18 03:10,20/2/18 03:11,17,1,0,2,19/2/18 17:30,9.676111111,0,rat,0
20/2/18 02:12,3,bat,20/2/18 02:10,20/2/18 02:13,116,1,0,2,19/2/18 17:30,8.713055556,0,bat,0
2/10/18 00:43,4,rat,2/10/18 00:43,2/10/18 00:45,22,1,0,2,2/9/18 17:21,7.375277778,0,rat,0
2/10/18 00:44,3,fast,2/10/18 00:43,2/10/18 00:45,96,0,1,2,2/9/18 17:21,7.395833333,0,fast,0
2/10/18 00:49,0.089216347,fast,2/10/18 00:49,2/10/18 00:51,18,0,1,2,2/9/18 17:21,7.471944444,0,fast,0
2/10/18 00:49,2,rat,2/10/18 00:49,2/10/18 00:51,56,1,0,2,2/9/18 17:21,7.4825,0,rat,0
2/10/18 00:50,0.041390374,fast,2/10/18 00:49,2/10/18 00:51,65,0,1,2,2/9/18 17:21,7.485,0,fast,0
2/10/18 00:50,0.090143902,rat,2/10/18 00:49,2/10/18 00:51,81,1,0,2,2/9/18 17:21,7.489444444,0,rat,0
2/10/18 00:50,20,other,2/10/18 00:49,2/10/18 00:51,102,0,0,2,2/9/18 17:21,7.495277778,0,both,0
2/10/18 00:51,2,rat,2/10/18 00:49,2/10/18 00:51,149,1,0,2,2/9/18 17:21,7.508333333,0,rat,0
2/10/18 00:44,7,bat,2/10/18 00:43,2/10/18 00:45,61,1,0,2,2/9/18 17:21,7.386111111,0,bat,0
2/10/18 00:44,21,bat,2/10/18 00:43,2/10/18 00:45,65,1,1,2,2/9/18 17:21,7.387222222,0,pick_bat,0
2/10/18 00:44,4,pick,2/10/18 00:43,2/10/18 00:45,68,0,1,2,2/9/18 17:21,7.388055556,0,pick,0
2/10/18 00:44,2,pick,2/10/18 00:43,2/10/18 00:45,80,0,1,2,2/9/18 17:21,7.391388889,0,pick,0
2/7/18 18:32,1,rat,2/7/18 18:29,2/7/18 18:44,166,1,0,2,2/7/18 17:19,1.225277778,0,rat,0
2/7/18 22:58,14,pick,2/7/18 22:53,2/7/18 22:58,299,0,1,2,2/7/18 17:19,5.661944444,0,pick,0
2/8/18 01:47,8,rat,2/8/18 01:47,2/8/18 01:48,7,1,0,2,2/7/18 17:19,8.481666667,0,rat attack,0
2/8/18 01:52,1,fast,2/8/18 01:52,2/8/18 01:52,2,0,1,2,2/7/18 17:19,8.554722222,0,fast,0
2/8/18 02:06,6,rat,2/8/18 02:05,2/8/18 02:09,74,1,0,2,2/7/18 17:19,8.796944444,0,rat,0
2/8/18 02:06,1,rat,2/8/18 02:05,2/8/18 02:09,80,1,0,2,2/7/18 17:19,8.798611111,0,rat,0
2/8/18 02:07,7,rat,2/8/18 02:05,2/8/18 02:09,99,1,0,2,2/7/18 17:19,8.803888889,0,rat,0
2/8/18 02:07,4,rat,2/8/18 02:05,2/8/18 02:09,116,1,0,2,2/7/18 17:19,8.808611111,0,rat,0
2/8/18 02:08,4,rat,2/8/18 02:05,2/8/18 02:09,200,1,0,2,2/7/18 17:19,8.831944444,0,rat,0
2/8/18 03:41,0.035867953,rat,2/8/18 03:41,2/8/18 03:45,27,1,0,2,2/7/18 17:19,10.37444444,0,rat,0
2/2/18 00:43,2,fast,2/2/18 00:40,2/2/18 00:44,184,0,1,2,2/1/18 17:14,7.489722222,0,fast,0
2/2/18 00:44,1,rat,2/2/18 00:40,2/2/18 00:44,239,1,0,2,2/1/18 17:14,7.505,0,rat,0
2/9/18 00:06,3,fast,2/9/18 00:06,2/9/18 00:06,2,0,1,2,2/8/18 17:20,6.767222222,0,fast,0
2/9/18 00:11,1,rat,2/9/18 00:09,2/9/18 00:13,135,1,0,2,2/8/18 17:20,6.862222222,0,rat,0
2/9/18 00:26,17,pick,2/9/18 00:26,2/9/18 00:32,2,0,1,2,2/8/18 17:20,7.114722222,0,pick,0
2/9/18 00:29,1,rat,2/9/18 00:26,2/9/18 00:32,154,1,0,2,2/8/18 17:20,7.156944444,0,rat,0
2/9/18 03:31,1,rat,2/9/18 03:28,2/9/18 03:33,146,1,0,2,2/8/18 17:20,10.18444444,0,rat,0
2/9/18 03:32,21,rat,2/9/18 03:28,2/9/18 03:33,211,1,0,2,2/8/18 17:20,10.2025,0,rat,0
2/9/18 03:32,9,pick,2/9/18 03:28,2/9/18 03:33,246,0,1,2,2/8/18 17:20,10.21222222,0,pick,0
13/2/18 03:44,1,rat,13/2/18 03:43,13/2/18 03:45,77,1,0,2,2/12/18 17:24,10.34222222,0,rat,0
13/2/18 03:50,3,fast,13/2/18 03:49,13/2/18 03:50,59,0,1,2,2/12/18 17:24,10.435,0,fast,0
14/2/18 22:05,1,rat,14/2/18 22:04,14/2/18 22:12,89,1,0,2,14/2/18 17:26,4.659166667,0,rat,0
14/2/18 22:08,2,rat,14/2/18 22:04,14/2/18 22:12,259,1,0,2,14/2/18 17:26,4.706388889,0,rat,0
14/2/18 22:11,4,rat,14/2/18 22:04,14/2/18 22:12,470,1,0,2,14/2/18 17:26,4.765,0,rat,0
14/2/18 22:46,2,rat,14/2/18 22:43,14/2/18 22:52,187,1,0,2,14/2/18 17:26,5.341666667,0,rat,0
14/2/18 22:46,1,rat,14/2/18 22:43,14/2/18 22:52,204,1,0,2,14/2/18 17:26,5.346388889,0,rat,0
14/2/18 22:50,2,rat,14/2/18 22:43,14/2/18 22:52,420,1,0,2,14/2/18 17:26,5.406388889,0,rat,0
14/2/18 22:50,9,rat,14/2/18 22:43,14/2/18 22:52,434,1,0,2,14/2/18 17:26,5.410277778,0,rat,0
14/2/18 22:51,0.061201372,rat,14/2/18 22:43,14/2/18 22:52,512,1,0,2,14/2/18 17:26,5.431944444,0,rat,0
14/2/18 22:52,1,rat,14/2/18 22:43,14/2/18 22:52,518,1,0,2,14/2/18 17:26,5.433611111,0,rat,0
14/2/18 03:11,31,pick,14/2/18 03:02,14/2/18 03:11,499,0,1,2,13/2/18 17:25,9.771666667,0,pick,0
14/2/18 05:30,1,rat,14/2/18 05:26,14/2/18 05:34,225,1,0,2,13/2/18 17:25,12.09194444,0,rat,0
15/2/18 18:21,0.050105814,fast,15/2/18 18:20,15/2/18 18:28,54,0,1,2,15/2/18 17:26,0.9225,0,fast,0
15/2/18 19:31,1,fast,15/2/18 19:30,15/2/18 19:31,30,0,1,2,15/2/18 17:26,2.085833333,0,fast,0
15/2/18 19:31,0.085595674,rat,15/2/18 19:30,15/2/18 19:31,71,1,0,2,15/2/18 17:26,2.097222222,0,attack_rat,0
15/2/18 18:52,6,bat,15/2/18 18:49,15/2/18 18:55,179,1,0,2,15/2/18 17:26,1.440277778,0,bat,0
15/2/18 18:52,6,pick,15/2/18 18:49,15/2/18 18:55,201,0,1,2,15/2/18 17:26,1.446388889,0,pick,0
15/2/18 18:54,1,rat,15/2/18 18:49,15/2/18 18:55,321,1,0,2,15/2/18 17:26,1.479722222,0,rat,0
2/4/18 18:33,3,rat,2/4/18 18:32,2/4/18 18:50,77,1,0,2,2/4/18 17:17,1.274722222,0,bat_and_rat,0
2/4/18 18:32,155,other,2/4/18 18:32,2/4/18 18:50,42,0,0,2,2/4/18 17:17,1.265,0,nan,0
2/4/18 18:46,1,other,2/4/18 18:32,2/4/18 18:50,856,0,0,2,2/4/18 17:17,1.491111111,0,nan,0
2/4/18 18:47,1,other,2/4/18 18:32,2/4/18 18:50,933,0,0,2,2/4/18 17:17,1.5125,0,nan,0
2/3/18 17:51,29,rat,2/3/18 17:51,2/3/18 17:51,22,1,0,2,2/3/18 17:16,0.592777778,0,rat,0
2/2/18 18:30,4,rat,2/2/18 18:30,2/2/18 18:30,3,1,0,2,2/2/18 17:15,1.260555556,0,rat,0
2/5/18 23:22,1,other,2/5/18 23:21,2/5/18 23:26,77,0,0,2,2/5/18 17:18,6.072222222,0,nan,0
2/5/18 23:22,1,other,2/5/18 23:21,2/5/18 23:26,110,0,0,2,2/5/18 17:18,6.081388889,0,nan,0
2/5/18 23:25,6,other,2/5/18 23:21,2/5/18 23:26,253,0,0,2,2/5/18 17:18,6.121111111,0,nan,0
16/2/18 22:18,2,rat,16/2/18 22:18,16/2/18 22:22,25,1,0,2,16/2/18 17:27,4.860277778,0,rat,0
16/2/18 22:21,16,rat,16/2/18 22:18,16/2/18 22:22,181,1,0,2,16/2/18 17:27,4.903611111,0,rat,0
16/2/18 22:21,2,rat,16/2/18 22:18,16/2/18 22:22,201,1,0,2,16/2/18 17:27,4.909166667,0,rat,0
16/2/18 22:21,1,fast,16/2/18 22:18,16/2/18 22:22,206,0,1,2,16/2/18 17:27,4.910555556,0,fast,0
16/2/18 22:22,0.07570842,rat,16/2/18 22:18,16/2/18 22:22,250,1,0,2,16/2/18 17:27,4.922777778,0,rat_attack,0
19/2/18 00:33,0.057540536,fast,19/2/18 00:31,19/2/18 00:34,157,0,1,2,18/2/18 17:29,7.078055556,0,fast,0
19/2/18 01:33,3,rat,19/2/18 01:33,19/2/18 01:33,6,1,0,2,18/2/18 17:29,8.078333333,0,rat,0
2/10/18 21:08,5,rat,2/10/18 21:04,2/10/18 21:11,222,1,0,2,2/10/18 17:22,3.771111111,0,rat,0
2/10/18 21:36,1,rat,2/10/18 21:35,2/10/18 21:36,68,1,0,2,2/10/18 17:22,4.236666667,0,rat,0
2/10/18 21:36,2,rat,2/10/18 21:35,2/10/18 21:36,75,1,0,2,2/10/18 17:22,4.238611111,0,rat,0
2/10/18 21:44,1,rat,2/10/18 21:44,2/10/18 21:51,6,1,0,2,2/10/18 17:22,4.368333333,0,rat,0
2/10/18 21:45,6,other,2/10/18 21:44,2/10/18 21:51,86,0,0,2,2/10/18 17:22,4.390555556,0,nan,0
2/10/18 21:45,4,rat,2/10/18 21:44,2/10/18 21:51,92,1,0,2,2/10/18 17:22,4.392222222,0,rat,0
2/10/18 21:46,13,rat,2/10/18 21:44,2/10/18 21:51,137,1,0,2,2/10/18 17:22,4.404722222,0,rat,0
2/10/18 21:46,1,rat,2/10/18 21:44,2/10/18 21:51,155,1,0,2,2/10/18 17:22,4.409722222,0,rat,0
2/10/18 21:46,2,fast,2/10/18 21:44,2/10/18 21:51,158,0,1,2,2/10/18 17:22,4.410555556,0,fast,0
2/10/18 21:47,1,rat,2/10/18 21:44,2/10/18 21:51,224,1,0,2,2/10/18 17:22,4.428888889,0,rat,0
2/11/18 00:32,1,rat,2/11/18 00:31,2/11/18 00:33,35,1,0,2,2/10/18 17:22,7.1725,0,rat,0
2/11/18 01:09,5,pick,2/11/18 01:09,2/11/18 01:10,7,0,1,2,2/10/18 17:22,7.794722222,0,pick,0
2/11/18 01:54,0.04438061,rat,2/11/18 01:52,2/11/18 01:58,105,1,0,2,2/10/18 17:22,8.544444444,0,rat,0
2/11/18 01:55,3,rat,2/11/18 01:52,2/11/18 01:58,132,1,0,2,2/10/18 17:22,8.551944444,0,rat,0
2/11/18 01:56,1,fast,2/11/18 01:52,2/11/18 01:58,242,0,1,2,2/10/18 17:22,8.5825,0,fast,0
2/11/18 01:57,6,fast,2/11/18 01:52,2/11/18 01:58,269,0,1,2,2/10/18 17:22,8.59,0,fast,0
2/11/18 01:57,24,rat,2/11/18 01:52,2/11/18 01:58,286,1,0,2,2/10/18 17:22,8.594722222,0,rat,0
2/10/18 19:25,0.097399911,fast,2/10/18 19:24,2/10/18 19:25,13,0,1,2,2/10/18 17:22,2.05,0,fast,0
17/2/18 20:50,2,rat,17/2/18 20:49,17/2/18 20:51,20,1,0,2,17/2/18 17:28,3.370555556,0,rat,0
17/2/18 20:50,1,rat,17/2/18 20:49,17/2/18 20:51,35,1,0,2,17/2/18 17:28,3.374722222,0,rat,0
17/2/18 20:50,2,rat,17/2/18 20:49,17/2/18 20:51,42,1,0,2,17/2/18 17:28,3.376666667,0,rat,0
17/2/18 17:42,0.050211363,fast,17/2/18 17:40,17/2/18 17:43,139,0,1,2,17/2/18 17:28,0.247777778,0,fast,0
18/3/18 21:37,3,fast,18/3/18 21:37,18/3/18 21:40,2,0,1,3,18/3/18 17:50,3.795555556,1,fast,0
18/3/18 21:38,2,fast,18/3/18 21:37,18/3/18 21:40,73,0,1,3,18/3/18 17:50,3.815277778,1,fast,0
18/3/18 21:39,1,fast,18/3/18 21:37,18/3/18 21:40,105,0,1,3,18/3/18 17:50,3.824166667,1,fast,0
18/3/18 21:39,2,fast,18/3/18 21:37,18/3/18 21:40,130,0,1,3,18/3/18 17:50,3.831111111,1,fast,0
29/3/18 00:47,4,pick,29/3/18 00:46,29/3/18 00:55,71,0,1,3,28/3/18 18:57,5.849444444,1,pick,0
29/3/18 00:49,0.046019395,rat,29/3/18 00:46,29/3/18 00:55,192,1,0,3,28/3/18 18:57,5.883055556,1,rat,0
29/3/18 00:50,9,pick,29/3/18 00:46,29/3/18 00:55,220,0,1,3,28/3/18 18:57,5.890833333,1,pick,0
29/3/18 00:50,18,pick,29/3/18 00:46,29/3/18 00:55,239,0,1,3,28/3/18 18:57,5.896111111,1,pick,0
29/3/18 00:50,14,rat,29/3/18 00:46,29/3/18 00:55,250,1,0,3,28/3/18 18:57,5.899166667,1,rat,0
29/3/18 00:51,2,bat,29/3/18 00:46,29/3/18 00:55,264,1,0,3,28/3/18 18:57,5.903055556,1,other_bats,0
29/3/18 00:51,3,fast,29/3/18 00:46,29/3/18 00:55,265,0,1,3,28/3/18 18:57,5.903333333,1,fast,0
29/3/18 00:51,12,rat,29/3/18 00:46,29/3/18 00:55,279,1,0,3,28/3/18 18:57,5.907222222,1,rat,0
29/3/18 00:51,15,pick,29/3/18 00:46,29/3/18 00:55,295,0,1,3,28/3/18 18:57,5.911666667,1,pick,0
29/3/18 00:53,2,fast,29/3/18 00:46,29/3/18 00:55,426,0,1,3,28/3/18 18:57,5.948055556,1,fast,0
29/3/18 00:54,34,rat,29/3/18 00:46,29/3/18 00:55,452,1,0,3,28/3/18 18:57,5.955277778,1,rat,0
29/3/18 00:55,11,rat,29/3/18 00:46,29/3/18 00:55,507,1,0,3,28/3/18 18:57,5.970555556,1,rat,0
29/3/18 02:20,0.013008356,fast,29/3/18 02:19,29/3/18 02:25,29,0,1,3,28/3/18 18:57,7.385833333,1,fast,0
29/3/18 02:21,2,fast,29/3/18 02:19,29/3/18 02:25,135,0,1,3,28/3/18 18:57,7.415277778,1,fast,0
29/3/18 02:22,2,rat,29/3/18 02:19,29/3/18 02:25,188,1,0,3,28/3/18 18:57,7.43,1,rat,0
29/3/18 02:25,0.028276798,rat,29/3/18 02:19,29/3/18 02:25,329,1,0,3,28/3/18 18:57,7.469166667,1,rat,0
20/3/18 02:11,4,rat,20/3/18 02:11,20/3/18 02:11,46,1,1,3,19/3/18 17:51,8.347222222,1,rat_pick,0
20/3/18 03:17,2,fast,20/3/18 03:15,20/3/18 03:17,108,0,1,3,19/3/18 17:51,9.436944444,1,fast,0
31/3/18 00:28,25,bat,31/3/18 00:20,31/3/18 00:28,517,1,0,3,30/3/18 18:59,5.497777778,1,other_bats,0
31/3/18 01:57,3,fast,31/3/18 01:48,31/3/18 01:58,537,0,1,3,30/3/18 18:59,6.976944444,1,fast,0
31/3/18 00:28,1,other,31/3/18 00:20,31/3/18 00:28,507,0,0,3,30/3/18 18:59,5.495,1,nan,0
31/3/18 01:58,0.064154735,fast,31/3/18 01:48,31/3/18 01:58,572,0,1,3,30/3/18 18:59,6.986666667,1,fast,0
4/2/18 22:04,10,rat,4/2/18 21:58,4/2/18 22:09,381,1,0,4,4/2/18 19:01,3.06,1,rat,0
4/2/18 22:05,8,rat,4/2/18 21:58,4/2/18 22:09,436,1,0,4,4/2/18 19:01,3.075277778,1,rat_and_bat,0
4/2/18 22:05,2,fast,4/2/18 21:58,4/2/18 22:09,450,0,1,4,4/2/18 19:01,3.079166667,1,fast,0
4/2/18 22:05,6,rat,4/2/18 21:58,4/2/18 22:09,455,1,0,4,4/2/18 19:01,3.080555556,1,rat_and_bat,0
4/2/18 22:06,2,other,4/2/18 21:58,4/2/18 22:09,477,0,0,4,4/2/18 19:01,3.086666667,1,bowl_out,0
4/2/18 22:07,0.030293066,fast,4/2/18 21:58,4/2/18 22:09,558,0,1,4,4/2/18 19:01,3.109166667,1,fast,0
4/2/18 22:09,7,rat,4/2/18 21:58,4/2/18 22:09,662,1,0,4,4/2/18 19:01,3.138055556,1,rat,0
4/2/18 22:09,6,rat,4/2/18 21:58,4/2/18 22:09,673,1,0,4,4/2/18 19:01,3.141111111,1,rat,0
4/2/18 22:09,18,pick,4/2/18 21:58,4/2/18 22:09,668,0,1,4,4/2/18 19:01,3.139722222,1,pick,0
4/2/18 22:09,17,rat,4/2/18 21:58,4/2/18 22:09,695,1,0,4,4/2/18 19:01,3.147222222,1,rat_and_bat,0
4/2/18 23:12,1,fast,4/2/18 23:10,4/2/18 23:18,128,0,1,4,4/2/18 19:01,4.189444444,1,fast,0
4/2/18 23:16,6,pick,4/2/18 23:10,4/2/18 23:18,381,0,1,4,4/2/18 19:01,4.259722222,1,pick,0
4/2/18 23:43,2,fast,4/2/18 23:42,4/2/18 23:48,80,0,1,4,4/2/18 19:01,4.708055556,1,fast,0
4/2/18 23:45,1,fast,4/2/18 23:42,4/2/18 23:48,177,0,1,4,4/2/18 19:01,4.735,1,fast,0
4/2/18 23:45,11,bat,4/2/18 23:42,4/2/18 23:48,223,1,0,4,4/2/18 19:01,4.747777778,1,other_bat,0
4/2/18 23:46,3,fast,4/2/18 23:42,4/2/18 23:48,234,0,1,4,4/2/18 19:01,4.750833333,1,fast,0
4/2/18 23:46,25,pick,4/2/18 23:42,4/2/18 23:48,239,0,1,4,4/2/18 19:01,4.752222222,1,pick,0
4/2/18 23:46,6,bat,4/2/18 23:42,4/2/18 23:48,238,1,0,4,4/2/18 19:01,4.751944444,1,other_bats,0
4/2/18 23:46,3,rat,4/2/18 23:42,4/2/18 23:48,262,1,0,4,4/2/18 19:01,4.758611111,1,rat,0
4/2/18 23:46,11,rat,4/2/18 23:42,4/2/18 23:48,287,1,0,4,4/2/18 19:01,4.765555556,1,rat,0
4/2/18 23:48,15,pick,4/2/18 23:42,4/2/18 23:48,355,0,1,4,4/2/18 19:01,4.784444444,1,pick,0
4/2/18 23:48,6,bat,4/2/18 23:42,4/2/18 23:48,360,1,0,4,4/2/18 19:01,4.785833333,1,other_bats,0
4/3/18 01:01,0.069936967,fast,4/3/18 01:00,4/3/18 01:21,53,0,1,4,4/2/18 19:01,6.003888889,1,fast,0
4/3/18 01:01,1,fast,4/3/18 01:00,4/3/18 01:21,82,0,1,4,4/2/18 19:01,6.011944444,1,fast,0
4/3/18 01:01,1,fast,4/3/18 01:00,4/3/18 01:21,98,0,1,4,4/2/18 19:01,6.016388889,1,fast,0
4/3/18 01:02,4,pick,4/3/18 01:00,4/3/18 01:21,101,0,1,4,4/2/18 19:01,6.017222222,1,pick,0
4/3/18 01:02,0.036982956,rat,4/3/18 01:00,4/3/18 01:21,112,1,0,4,4/2/18 19:01,6.020277778,1,rat,0
4/3/18 01:02,1,rat,4/3/18 01:00,4/3/18 01:21,120,1,0,4,4/2/18 19:01,6.0225,1,rat,0
4/3/18 01:02,2,fast,4/3/18 01:00,4/3/18 01:21,128,0,1,4,4/2/18 19:01,6.024722222,1,fast,0
4/3/18 01:03,4,fast,4/3/18 01:00,4/3/18 01:21,180,0,1,4,4/2/18 19:01,6.039166667,1,fast,0
4/3/18 01:04,3,rat,4/3/18 01:00,4/3/18 01:21,232,1,0,4,4/2/18 19:01,6.053611111,1,rat,0
4/3/18 01:06,19,other,4/3/18 01:00,4/3/18 01:21,353,1,0,4,4/2/18 19:01,6.087222222,1,other,0
4/3/18 01:07,3,fast,4/3/18 01:00,4/3/18 01:21,435,0,1,4,4/2/18 19:01,6.11,1,fast,0
4/3/18 01:10,6,fast,4/3/18 01:00,4/3/18 01:21,612,0,1,4,4/2/18 19:01,6.159166667,1,fast,0
4/3/18 01:12,1,fast,4/3/18 01:00,4/3/18 01:21,708,0,1,4,4/2/18 19:01,6.185833333,1,fast,0
4/3/18 01:13,9,rat,4/3/18 01:00,4/3/18 01:21,777,1,0,4,4/2/18 19:01,6.205,1,rat,0
4/3/18 01:13,23,rat,4/3/18 01:00,4/3/18 01:21,806,1,0,4,4/2/18 19:01,6.213055556,1,rat,0
4/3/18 01:15,155,other,4/3/18 01:00,4/3/18 01:21,936,0,0,4,4/2/18 19:01,6.249166667,1,eating,0
4/3/18 21:22,3,fast,4/3/18 21:21,4/3/18 21:32,90,0,1,4,4/3/18 19:01,2.358611111,1,fast,0
4/3/18 21:27,3,fast,4/3/18 21:21,4/3/18 21:32,376,0,1,4,4/3/18 19:01,2.438055556,1,fast,0
4/3/18 21:28,2,fast,4/3/18 21:21,4/3/18 21:32,452,0,1,4,4/3/18 19:01,2.459166667,1,fast,0
4/3/18 23:24,2,fast,4/3/18 23:24,4/3/18 23:40,12,0,1,4,4/3/18 19:01,4.395833333,1,fast,0
4/3/18 23:25,9,rat,4/3/18 23:24,4/3/18 23:40,31,1,0,4,4/3/18 19:01,4.401111111,1,rat,0
4/3/18 23:25,4,fast,4/3/18 23:24,4/3/18 23:40,58,0,1,4,4/3/18 19:01,4.408611111,1,fast,0
4/3/18 23:27,5,rat,4/3/18 23:24,4/3/18 23:40,187,1,0,4,4/3/18 19:01,4.444444444,1,rat,0
4/3/18 23:27,4,rat,4/3/18 23:24,4/3/18 23:40,197,1,0,4,4/3/18 19:01,4.447222222,1,rat,0
4/3/18 23:28,1,fast,4/3/18 23:24,4/3/18 23:40,224,0,1,4,4/3/18 19:01,4.454722222,1,fast,0
4/3/18 23:29,48,rat,4/3/18 23:24,4/3/18 23:40,312,1,0,4,4/3/18 19:01,4.479166667,1,rat,0
4/3/18 23:29,3,fast,4/3/18 23:24,4/3/18 23:40,312,0,1,4,4/3/18 19:01,4.479166667,1,fast,0
4/3/18 23:31,0.010238211,rat,4/3/18 23:24,4/3/18 23:40,402,1,0,4,4/3/18 19:01,4.504166667,1,rat_to_bat,0
4/3/18 23:34,2,fast,4/3/18 23:24,4/3/18 23:40,597,0,1,4,4/3/18 19:01,4.558333333,1,fast,0
4/3/18 23:40,2,rat,4/3/18 23:24,4/3/18 23:40,949,1,0,4,4/3/18 19:01,4.656111111,1,rat,0
4/4/18 00:48,3,rat,4/4/18 00:48,4/4/18 00:58,12,1,0,4,4/3/18 19:01,5.788055556,1,rat,0
4/4/18 00:48,4,fast,4/4/18 00:48,4/4/18 00:58,25,0,1,4,4/3/18 19:01,5.791666667,1,fast,0
4/4/18 00:49,22,rat,4/4/18 00:48,4/4/18 00:58,59,1,0,4,4/3/18 19:01,5.801111111,1,other_bats/rat,0
4/4/18 00:49,2,fast,4/4/18 00:48,4/4/18 00:58,97,0,1,4,4/3/18 19:01,5.811666667,1,fast,0
4/4/18 00:49,2,fast,4/4/18 00:48,4/4/18 00:58,112,0,1,4,4/3/18 19:01,5.815833333,1,fast,0
4/4/18 00:50,59,rat,4/4/18 00:48,4/4/18 00:58,165,1,0,4,4/3/18 19:01,5.830555556,1,rat,0
4/4/18 00:51,4,fast,4/4/18 00:48,4/4/18 00:58,217,0,1,4,4/3/18 19:01,5.845,1,fast,0
4/4/18 00:54,1,rat,4/4/18 00:48,4/4/18 00:58,357,1,0,4,4/3/18 19:01,5.883888889,1,rat,0
4/4/18 00:55,14,rat,4/4/18 00:48,4/4/18 00:58,418,1,0,4,4/3/18 19:01,5.900833333,1,rat,0
4/4/18 00:58,1,fast,4/4/18 00:48,4/4/18 00:58,624,0,1,4,4/3/18 19:01,5.958055556,1,fast,0
4/4/18 00:58,0.04722604,other,4/4/18 00:48,4/4/18 00:58,632,0,0,4,4/3/18 19:01,5.960277778,1,nan,0
4/4/18 00:58,0.022571773,other,4/4/18 00:48,4/4/18 00:58,651,0,0,4,4/3/18 19:01,5.965555556,1,nan,0
26/4/18 21:25,68,pick,26/4/18 21:24,26/4/18 21:26,19,1,1,4,26/4/18 19:17,2.135,1,pick_and_all,0
26/4/18 21:25,6,rat,26/4/18 21:24,26/4/18 21:26,22,1,0,4,26/4/18 19:17,2.135833333,1,rat,0
26/4/18 21:25,2,rat,26/4/18 21:24,26/4/18 21:26,29,1,0,4,26/4/18 19:17,2.137777778,1,bat_and_rat,0
26/4/18 21:25,8,bat,26/4/18 21:24,26/4/18 21:26,45,1,1,4,26/4/18 19:17,2.142222222,1,bat_and_pick,0
26/4/18 21:25,5,rat,26/4/18 21:24,26/4/18 21:26,66,1,0,4,26/4/18 19:17,2.148055556,1,bat_and_rat,0
26/4/18 21:26,2,bat,26/4/18 21:24,26/4/18 21:26,76,1,0,4,26/4/18 19:17,2.150833333,1,bat_fight,1
26/4/18 21:26,15,bat,26/4/18 21:24,26/4/18 21:26,88,1,0,4,26/4/18 19:17,2.154166667,1,bat_fight,1
26/4/18 21:26,4,bat,26/4/18 21:24,26/4/18 21:26,101,1,1,4,26/4/18 19:17,2.157777778,1,bat_fight_and_pick,1
26/4/18 22:25,15,bat,26/4/18 22:25,26/4/18 22:36,16,1,0,4,26/4/18 19:17,3.148055556,1,bat,0
26/4/18 22:26,18,bat,26/4/18 22:25,26/4/18 22:36,33,1,1,4,26/4/18 19:17,3.152777778,1,bat_and_pick,0
26/4/18 22:26,3,pick,26/4/18 22:25,26/4/18 22:36,65,0,1,4,26/4/18 19:17,3.161666667,1,pick,0
26/4/18 22:26,13,bat,26/4/18 22:25,26/4/18 22:36,81,1,1,4,26/4/18 19:17,3.166111111,1,bat_and_pick,0
26/4/18 22:26,14,bat,26/4/18 22:25,26/4/18 22:36,81,1,1,4,26/4/18 19:17,3.166111111,1,bat_and_pick,0
26/4/18 22:27,10,bat,26/4/18 22:25,26/4/18 22:36,92,1,1,4,26/4/18 19:17,3.169166667,1,bat_and_pick,0
26/4/18 22:27,7,rat,26/4/18 22:25,26/4/18 22:36,126,1,0,4,26/4/18 19:17,3.178611111,1,bat_and_rat,0
26/4/18 22:28,3,pick,26/4/18 22:25,26/4/18 22:36,202,0,1,4,26/4/18 19:17,3.199722222,1,pick,0
26/4/18 22:29,1,fast,26/4/18 22:25,26/4/18 22:36,215,0,1,4,26/4/18 19:17,3.203333333,1,fast,0
26/4/18 22:30,23,bat,26/4/18 22:25,26/4/18 22:36,274,1,0,4,26/4/18 19:17,3.219722222,1,bat,0
26/4/18 22:30,4,pick,26/4/18 22:25,26/4/18 22:36,318,0,1,4,26/4/18 19:17,3.231944444,1,pick,0
26/4/18 22:30,5,bat,26/4/18 22:25,26/4/18 22:36,322,1,1,4,26/4/18 19:17,3.233055556,1,pick_and_bat,0
26/4/18 22:31,3,fast,26/4/18 22:25,26/4/18 22:36,326,0,1,4,26/4/18 19:17,3.234166667,1,fast,0
26/4/18 22:31,2,fast,26/4/18 22:25,26/4/18 22:36,340,0,1,4,26/4/18 19:17,3.238055556,1,fast,0
26/4/18 22:31,55,bat,26/4/18 22:25,26/4/18 22:36,343,1,1,4,26/4/18 19:17,3.238888889,1,bat_and_pick,0
26/4/18 22:32,3,fast,26/4/18 22:25,26/4/18 22:36,392,0,1,4,26/4/18 19:17,3.2525,1,fast,0
26/4/18 22:34,65,bat,26/4/18 22:25,26/4/18 22:36,519,1,1,4,26/4/18 19:17,3.287777778,1,bat_and_pick,0
26/4/18 22:34,275,bat,26/4/18 22:25,26/4/18 22:36,556,1,1,4,26/4/18 19:17,3.298055556,1,eating_and_bat_and_pick,0
26/4/18 22:35,2,bat,26/4/18 22:25,26/4/18 22:36,594,1,0,4,26/4/18 19:17,3.308611111,1,bat_fight,1
26/4/18 22:35,2,bat,26/4/18 22:25,26/4/18 22:36,602,1,0,4,26/4/18 19:17,3.310833333,1,bat_figiht,0
26/4/18 22:35,1,rat,26/4/18 22:25,26/4/18 22:36,613,1,0,4,26/4/18 19:17,3.313888889,1,rat,0
26/4/18 22:36,18,pick,26/4/18 22:25,26/4/18 22:36,635,1,1,4,26/4/18 19:17,3.32,1,pick_and_others,0
26/4/18 23:05,0.028315379,fast,26/4/18 23:04,26/4/18 23:09,22,0,1,4,26/4/18 19:17,3.805,1,fast,0
26/4/18 23:05,6,bat,26/4/18 23:04,26/4/18 23:09,37,1,1,4,26/4/18 19:17,3.809166667,1,pick_and_bat,0
26/4/18 23:05,9,bat,26/4/18 23:04,26/4/18 23:09,46,1,0,4,26/4/18 19:17,3.811666667,1,bat,0
26/4/18 23:06,2,fast,26/4/18 23:04,26/4/18 23:09,87,0,1,4,26/4/18 19:17,3.823055556,1,fast,0
26/4/18 23:06,8,pick,26/4/18 23:04,26/4/18 23:09,96,0,1,4,26/4/18 19:17,3.825555556,1,pick,0
26/4/18 23:06,6,pick,26/4/18 23:04,26/4/18 23:09,110,0,1,4,26/4/18 19:17,3.829444444,1,pick,0
26/4/18 23:09,6,pick,26/4/18 23:04,26/4/18 23:09,273,0,1,4,26/4/18 19:17,3.874722222,1,pick,0
26/4/18 23:09,0.039556377,fast,26/4/18 23:04,26/4/18 23:09,283,0,1,4,26/4/18 19:17,3.8775,1,fast,0
27/4/18 00:24,7,rat,27/4/18 00:24,27/4/18 00:28,10,1,1,4,26/4/18 19:17,5.126111111,1,bat_pick_rat,0
27/4/18 00:25,4,fast,27/4/18 00:24,27/4/18 00:28,65,0,1,4,26/4/18 19:17,5.141388889,1,fast,0
27/4/18 00:25,0.02018894,rat,27/4/18 00:24,27/4/18 00:28,72,1,0,4,26/4/18 19:17,5.143333333,1,rat,0
27/4/18 00:25,47,rat,27/4/18 00:24,27/4/18 00:28,91,1,0,4,26/4/18 19:17,5.148611111,1,bat_and_rat,0
27/4/18 00:26,35,bat,27/4/18 00:24,27/4/18 00:28,129,1,0,4,26/4/18 19:17,5.159166667,1,bat,0
27/4/18 00:26,13,bat,27/4/18 00:24,27/4/18 00:28,138,1,1,4,26/4/18 19:17,5.161666667,1,bat_and_pick,0
27/4/18 00:27,12,bat,27/4/18 00:24,27/4/18 00:28,164,1,1,4,26/4/18 19:17,5.168888889,1,bat_and_pick,0
27/4/18 00:27,20,bat,27/4/18 00:24,27/4/18 00:28,183,1,1,4,26/4/18 19:17,5.174166667,1,bat_and_pick,0
27/4/18 00:27,9,bat,27/4/18 00:24,27/4/18 00:28,187,1,1,4,26/4/18 19:17,5.175277778,1,bat_and_pick,0
27/4/18 00:27,21,bat,27/4/18 00:24,27/4/18 00:28,199,1,1,4,26/4/18 19:17,5.178611111,1,bat_and_pick,0
27/4/18 00:28,1,rat,27/4/18 00:24,27/4/18 00:28,226,1,0,4,26/4/18 19:17,5.186111111,1,rat,0
27/4/18 00:28,6,pick,27/4/18 00:24,27/4/18 00:28,231,0,1,4,26/4/18 19:17,5.1875,1,pick,0
27/4/18 01:19,15,bat,27/4/18 01:18,27/4/18 01:22,76,1,1,4,26/4/18 19:17,6.04,1,bat_and_pick,0
27/4/18 01:19,3,bat,27/4/18 01:18,27/4/18 01:22,85,1,0,4,26/4/18 19:17,6.0425,1,bat_fight,1
27/4/18 01:20,8,pick,27/4/18 01:18,27/4/18 01:22,119,0,1,4,26/4/18 19:17,6.051944444,1,pick,0
27/4/18 01:20,10,pick,27/4/18 01:18,27/4/18 01:22,126,0,1,4,26/4/18 19:17,6.053888889,1,pick,0
27/4/18 01:20,15,pick,27/4/18 01:18,27/4/18 01:22,142,0,1,4,26/4/18 19:17,6.058333333,1,pick,0
27/4/18 01:21,26,pick,27/4/18 01:18,27/4/18 01:22,223,1,1,4,26/4/18 19:17,6.080833333,1,pick_and_all,0
27/4/18 02:10,0.050962883,rat,27/4/18 02:10,27/4/18 02:20,7,1,0,4,26/4/18 19:17,6.899722222,1,rat_and_bat,0
27/4/18 02:11,5,pick,27/4/18 02:10,27/4/18 02:20,47,0,1,4,26/4/18 19:17,6.910833333,1,pick,0
27/4/18 02:13,3,fast,27/4/18 02:10,27/4/18 02:20,140,0,1,4,26/4/18 19:17,6.936666667,1,fast,0
27/4/18 02:14,13,pick,27/4/18 02:10,27/4/18 02:20,246,0,1,4,26/4/18 19:17,6.966111111,1,pick,0
27/4/18 02:16,3,rat,27/4/18 02:10,27/4/18 02:20,318,1,0,4,26/4/18 19:17,6.986111111,1,rat,0
27/4/18 02:16,0.09619989,rat,27/4/18 02:10,27/4/18 02:20,366,1,1,4,26/4/18 19:17,6.999444444,1,rat_pick_and_bat,0
27/4/18 02:17,0.063771569,rat,27/4/18 02:10,27/4/18 02:20,368,1,0,4,26/4/18 19:17,7,1,rat,0
27/4/18 02:19,0.081091814,pick,27/4/18 02:10,27/4/18 02:20,537,0,1,4,26/4/18 19:17,7.046944444,1,pick,0
27/4/18 02:39,2,fast,27/4/18 02:38,27/4/18 02:58,62,0,1,4,26/4/18 19:17,7.379722222,1,fast,0
27/4/18 02:47,0.090564496,other,27/4/18 02:38,27/4/18 02:58,528,0,0,4,26/4/18 19:17,7.509166667,1,nan,0
27/4/18 02:49,2,fast,27/4/18 02:38,27/4/18 02:58,660,0,1,4,26/4/18 19:17,7.545833333,1,fast,0
27/4/18 02:49,14,other,27/4/18 02:38,27/4/18 02:58,664,0,0,4,26/4/18 19:17,7.546944444,1,nan,0
27/4/18 02:51,0.032779517,fast,27/4/18 02:38,27/4/18 02:58,784,0,1,4,26/4/18 19:17,7.580277778,1,fast,0
27/4/18 02:52,10,pick,27/4/18 02:38,27/4/18 02:58,811,0,1,4,26/4/18 19:17,7.587777778,1,pick,0
27/4/18 02:52,22,pick,27/4/18 02:38,27/4/18 02:58,825,0,1,4,26/4/18 19:17,7.591666667,1,pick,0
27/4/18 02:53,0.068238813,bat,27/4/18 02:38,27/4/18 02:58,857,1,1,4,26/4/18 19:17,7.600555556,1,pick_and_bat,0
27/4/18 02:53,11,bat,27/4/18 02:38,27/4/18 02:58,908,1,1,4,26/4/18 19:17,7.614722222,1,pick_and_bat,0
27/4/18 03:01,1,fast,27/4/18 03:01,27/4/18 03:02,17,0,1,4,26/4/18 19:17,7.741666667,1,fast,0
27/4/18 03:01,2,fast,27/4/18 03:01,27/4/18 03:02,22,0,1,4,26/4/18 19:17,7.743055556,1,fast,0
27/4/18 03:23,0.042707344,rat,27/4/18 03:22,27/4/18 03:25,17,1,0,4,26/4/18 19:17,8.101388889,1,rat_and_bat,0
27/4/18 03:23,13,pick,27/4/18 03:22,27/4/18 03:25,20,0,1,4,26/4/18 19:17,8.102222222,1,pick,0
27/4/18 03:23,0.043905767,rat,27/4/18 03:22,27/4/18 03:25,33,1,0,4,26/4/18 19:17,8.105833333,1,bat_and_rat,0
27/4/18 03:24,1,fast,27/4/18 03:22,27/4/18 03:25,99,0,1,4,26/4/18 19:17,8.124166667,1,fast,0
27/4/18 03:25,0.076705397,rat,27/4/18 03:22,27/4/18 03:25,142,1,0,4,26/4/18 19:17,8.136111111,1,rat,0
27/4/18 03:43,0.040958086,fast,27/4/18 03:43,27/4/18 03:46,38,0,1,4,26/4/18 19:17,8.446388889,1,fast,0
27/4/18 03:45,0.056999457,rat,27/4/18 03:43,27/4/18 03:46,159,1,0,4,26/4/18 19:17,8.48,1,bat_and_rat,0
27/4/18 03:45,0.099530937,bat,27/4/18 03:43,27/4/18 03:46,160,1,0,4,26/4/18 19:17,8.480277778,1,bat,0
27/4/18 03:45,0.014419381,bat,27/4/18 03:43,27/4/18 03:46,168,1,0,4,26/4/18 19:17,8.4825,1,bat,0
27/4/18 04:01,3,pick,27/4/18 03:59,27/4/18 04:01,106,0,1,4,26/4/18 19:17,8.736111111,1,pick,0
27/4/18 04:12,5,pick,27/4/18 04:11,27/4/18 04:16,106,0,1,4,26/4/18 19:17,8.931666667,1,pick,0
27/4/18 04:36,0.040564984,rat,27/4/18 04:28,27/4/18 04:44,445,1,1,4,26/4/18 19:17,9.323055556,1,pick_and_rat,0
26/4/18 22:28,16,bat,26/4/18 22:25,26/4/18 22:36,183,1,1,4,26/4/18 19:17,3.194444444,1,bat_and_pick,0
26/4/18 22:33,1,other,26/4/18 22:25,26/4/18 22:36,479,0,0,4,26/4/18 19:17,3.276666667,1,nan,0
26/4/18 23:05,0.044489486,fast,26/4/18 23:04,26/4/18 23:09,26,0,1,4,26/4/18 19:17,3.806111111,1,fast,0
26/4/18 23:05,2,rat,26/4/18 23:04,26/4/18 23:09,34,1,0,4,26/4/18 19:17,3.808333333,1,fight_rat,1
27/4/18 02:15,54,pick,27/4/18 02:10,27/4/18 02:20,278,1,1,4,26/4/18 19:17,6.975,1,all_pick,0
27/4/18 02:48,1,fast,27/4/18 02:38,27/4/18 02:58,570,0,1,4,26/4/18 19:17,7.520833333,1,fast,0
27/4/18 03:25,3,fast,27/4/18 03:22,27/4/18 03:25,140,0,1,4,26/4/18 19:17,8.135555556,1,fast,0
27/4/18 03:45,22,other,27/4/18 03:43,27/4/18 03:46,166,0,0,4,26/4/18 19:17,8.481944444,1,no_food,0
19/4/18 19:25,0.051207358,fast,19/4/18 19:23,19/4/18 19:33,75,0,1,4,19/4/18 19:12,0.217222222,1,fast,0
19/4/18 19:26,1,fast,19/4/18 19:23,19/4/18 19:33,167,0,1,4,19/4/18 19:12,0.242777778,1,fast,0
19/4/18 19:27,1,fast,19/4/18 19:23,19/4/18 19:33,230,0,1,4,19/4/18 19:12,0.260277778,1,fast,0
19/4/18 19:32,5,rat,19/4/18 19:23,19/4/18 19:33,547,1,0,4,19/4/18 19:12,0.348333333,1,rat,0
19/4/18 21:33,0.039785341,rat,19/4/18 21:29,19/4/18 21:39,220,1,0,4,19/4/18 19:12,2.360555556,1,rat,0
19/4/18 21:37,176,other,19/4/18 21:29,19/4/18 21:39,457,0,0,4,19/4/18 19:12,2.426388889,1,both,0
19/4/18 21:38,3,pick,19/4/18 21:29,19/4/18 21:39,487,0,1,4,19/4/18 19:12,2.434722222,1,pick,0
19/4/18 21:38,2,rat,19/4/18 21:29,19/4/18 21:39,493,1,0,4,19/4/18 19:12,2.436388889,1,rat,0
19/4/18 22:34,4,rat,19/4/18 22:34,19/4/18 22:43,22,1,0,4,19/4/18 19:12,3.381944444,1,rat,0
19/4/18 22:36,237,other,19/4/18 22:34,19/4/18 22:43,109,0,0,4,19/4/18 19:12,3.406111111,1,both,0
19/4/18 22:42,1,rat,19/4/18 22:34,19/4/18 22:43,472,1,0,4,19/4/18 19:12,3.506944444,1,rat,0
20/4/18 00:03,12,pick,20/4/18 00:00,20/4/18 00:18,185,0,1,4,19/4/18 19:12,4.857222222,1,pick,0
20/4/18 00:02,39,other,20/4/18 00:00,20/4/18 00:18,155,0,0,4,19/4/18 19:12,4.848888889,1,both,0
20/4/18 00:03,14,rat,20/4/18 00:00,20/4/18 00:18,207,1,0,4,19/4/18 19:12,4.863333333,1,rat,0
20/4/18 00:04,5,rat,20/4/18 00:00,20/4/18 00:18,235,1,0,4,19/4/18 19:12,4.871111111,1,rat,0
20/4/18 00:04,0.016181067,rat,20/4/18 00:00,20/4/18 00:18,262,1,0,4,19/4/18 19:12,4.878611111,1,rat,0
20/4/18 00:05,29,rat,20/4/18 00:00,20/4/18 00:18,295,1,0,4,19/4/18 19:12,4.887777778,1,rat_and_bat,0
20/4/18 00:05,3,rat,20/4/18 00:00,20/4/18 00:18,320,1,0,4,19/4/18 19:12,4.894722222,1,rat_and_bat,0
20/4/18 00:06,18,rat,20/4/18 00:00,20/4/18 00:18,341,1,0,4,19/4/18 19:12,4.900555556,1,rat_and_bat,0
20/4/18 00:08,11,rat,20/4/18 00:00,20/4/18 00:18,508,1,0,4,19/4/18 19:12,4.946944444,1,rat,0
20/4/18 00:10,1,fast,20/4/18 00:00,20/4/18 00:18,579,0,1,4,19/4/18 19:12,4.966666667,1,fast,0
20/4/18 00:11,0.093784466,fast,20/4/18 00:00,20/4/18 00:18,673,0,1,4,19/4/18 19:12,4.992777778,1,fast,0
20/4/18 00:11,0.019265878,fast,20/4/18 00:00,20/4/18 00:18,697,0,1,4,19/4/18 19:12,4.999444444,1,fast,0
20/4/18 00:12,1,fast,20/4/18 00:00,20/4/18 00:18,711,0,1,4,19/4/18 19:12,5.003333333,1,fast,0
20/4/18 00:13,6,fast,20/4/18 00:00,20/4/18 00:18,809,0,1,4,19/4/18 19:12,5.030555556,1,fast,0
20/4/18 00:14,10,rat,20/4/18 00:00,20/4/18 00:18,825,1,0,4,19/4/18 19:12,5.035,1,rat,0
20/4/18 00:14,0.058920205,fast,20/4/18 00:00,20/4/18 00:18,863,0,1,4,19/4/18 19:12,5.045555556,1,fast,0
20/4/18 02:00,0.024862202,fast,20/4/18 01:59,20/4/18 02:03,39,0,1,4,19/4/18 19:12,6.802777778,1,fast,0
20/4/18 02:00,1,fast,20/4/18 01:59,20/4/18 02:03,41,0,1,4,19/4/18 19:12,6.803333333,1,fast,0
20/4/18 02:00,10,rat,20/4/18 01:59,20/4/18 02:03,65,1,0,4,19/4/18 19:12,6.81,1,rat,0
20/4/18 02:00,1,fast,20/4/18 01:59,20/4/18 02:03,84,0,1,4,19/4/18 19:12,6.815277778,1,fast,0
20/4/18 02:01,1,fast,20/4/18 01:59,20/4/18 02:03,122,0,1,4,19/4/18 19:12,6.825833333,1,fast,0
20/4/18 02:01,0.014004332,fast,20/4/18 01:59,20/4/18 02:03,141,0,1,4,19/4/18 19:12,6.831111111,1,fast,0
20/4/18 02:02,7,rat,20/4/18 01:59,20/4/18 02:03,164,1,0,4,19/4/18 19:12,6.8375,1,rat,0
20/4/18 02:03,7,pick,20/4/18 01:59,20/4/18 02:03,216,0,1,4,19/4/18 19:12,6.851944444,1,pick,0
20/4/18 02:48,3,rat,20/4/18 02:44,20/4/18 02:51,210,1,0,4,19/4/18 19:12,7.604166667,1,rat,0
20/4/18 02:48,6,rat,20/4/18 02:44,20/4/18 02:51,235,1,0,4,19/4/18 19:12,7.611111111,1,rat,0
20/4/18 02:48,1,other,20/4/18 02:44,20/4/18 02:51,248,0,0,4,19/4/18 19:12,7.614722222,1,nan,0
20/4/18 02:49,4,pick,20/4/18 02:44,20/4/18 02:51,269,0,1,4,19/4/18 19:12,7.620555556,1,pick,0
20/4/18 02:49,5,pick,20/4/18 02:44,20/4/18 02:51,303,0,1,4,19/4/18 19:12,7.63,1,pick,0
20/4/18 02:51,26,other,20/4/18 02:44,20/4/18 02:51,375,0,0,4,19/4/18 19:12,7.65,1,nan,0
20/4/18 03:27,4,fast,20/4/18 03:24,20/4/18 03:36,180,0,1,4,19/4/18 19:12,8.251666667,1,fast,0
20/4/18 03:31,4,fast,20/4/18 03:24,20/4/18 03:36,467,0,1,4,19/4/18 19:12,8.331388889,1,fast,0
20/4/18 03:32,10,pick,20/4/18 03:24,20/4/18 03:36,512,0,1,4,19/4/18 19:12,8.343888889,1,pick,0
20/4/18 03:32,10,rat,20/4/18 03:24,20/4/18 03:36,521,1,0,4,19/4/18 19:12,8.346388889,1,rat,0
20/4/18 03:33,2,fast,20/4/18 03:24,20/4/18 03:36,547,0,1,4,19/4/18 19:12,8.353611111,1,fast,0
20/4/18 03:33,1,fast,20/4/18 03:24,20/4/18 03:36,573,0,1,4,19/4/18 19:12,8.360833333,1,fast,0
20/4/18 03:33,3,fast,20/4/18 03:24,20/4/18 03:36,591,0,1,4,19/4/18 19:12,8.365833333,1,fast,0
20/4/18 03:34,3,pick,20/4/18 03:24,20/4/18 03:36,621,0,1,4,19/4/18 19:12,8.374166667,1,pick,0
20/4/18 03:35,73,rat,20/4/18 03:24,20/4/18 03:36,655,1,0,4,19/4/18 19:12,8.383611111,1,rat_and_bat,0
20/4/18 03:57,3,fast,20/4/18 03:51,20/4/18 04:01,330,0,1,4,19/4/18 19:12,8.756111111,1,fast,0
20/4/18 03:59,0.068554286,fast,20/4/18 03:51,20/4/18 04:01,487,0,1,4,19/4/18 19:12,8.799722222,1,fast,0
20/4/18 04:00,3,pick,20/4/18 03:51,20/4/18 04:01,522,0,1,4,19/4/18 19:12,8.809444444,1,pick,0
21/4/18 19:30,4,rat,21/4/18 19:30,21/4/18 19:35,24,1,0,4,21/4/18 19:14,0.276944444,1,rat,0
21/4/18 19:58,1,fast,21/4/18 19:57,21/4/18 20:06,17,0,1,4,21/4/18 19:14,0.736388889,1,fast,0
21/4/18 19:59,20,pick,21/4/18 19:57,21/4/18 20:06,108,1,1,4,21/4/18 19:14,0.761666667,1,pick_and_others,0
21/4/18 20:00,9,rat,21/4/18 19:57,21/4/18 20:06,130,1,0,4,21/4/18 19:14,0.767777778,1,rat,0
21/4/18 20:05,54,pick,21/4/18 19:57,21/4/18 20:06,474,1,1,4,21/4/18 19:14,0.863333333,1,pick_and_others,0
21/4/18 22:57,1,fast,21/4/18 22:57,21/4/18 22:59,7,0,1,4,21/4/18 19:14,3.726666667,1,fast,0
21/4/18 22:57,25,pick,21/4/18 22:57,21/4/18 22:59,22,0,1,4,21/4/18 19:14,3.730833333,1,pick,0
21/4/18 22:58,14,pick,21/4/18 22:57,21/4/18 22:59,88,1,1,4,21/4/18 19:14,3.749166667,1,pick_and_others,0
21/4/18 22:59,8,bat,21/4/18 22:57,21/4/18 22:59,97,1,0,4,21/4/18 19:14,3.751666667,1,bat,0
21/4/18 22:59,6,pick,21/4/18 22:57,21/4/18 22:59,102,0,1,4,21/4/18 19:14,3.753055556,1,pick,0
21/4/18 23:52,26,pick,21/4/18 23:50,21/4/18 23:56,112,1,1,4,21/4/18 19:14,4.640833333,1,pick_and_others,0
21/4/18 23:52,6,pick,21/4/18 23:50,21/4/18 23:56,126,0,1,4,21/4/18 19:14,4.644722222,1,pick,0
21/4/18 23:53,24,bat,21/4/18 23:50,21/4/18 23:56,196,1,1,4,21/4/18 19:14,4.664166667,1,pick_and_bat,0
21/4/18 23:54,1,fast,21/4/18 23:50,21/4/18 23:56,258,0,1,4,21/4/18 19:14,4.681388889,1,fast,0
21/4/18 23:55,19,fast,21/4/18 23:50,21/4/18 23:56,287,0,1,4,21/4/18 19:14,4.689444444,1,fast,0
22/4/18 01:25,3,fast,22/4/18 01:25,22/4/18 01:26,0,0,1,4,21/4/18 19:14,6.1875,1,fast,0
22/4/18 01:25,6,pick,22/4/18 01:25,22/4/18 01:26,14,0,1,4,21/4/18 19:14,6.191388889,1,pick,0
22/4/18 01:26,1,fast,22/4/18 01:25,22/4/18 01:26,48,0,1,4,21/4/18 19:14,6.200833333,1,fast,0
22/4/18 01:49,7,bat,22/4/18 01:48,22/4/18 01:50,28,1,0,4,21/4/18 19:14,6.583333333,1,bats,0
22/4/18 01:49,1,pick,22/4/18 01:48,22/4/18 01:50,59,0,1,4,21/4/18 19:14,6.591944444,1,pick,0
22/4/18 01:50,16,bat,22/4/18 01:48,22/4/18 01:50,109,1,0,4,21/4/18 19:14,6.605833333,1,bats,0
22/4/18 02:13,11,pick,22/4/18 02:13,22/4/18 02:17,23,0,1,4,21/4/18 19:14,6.989722222,1,pick,0
22/4/18 02:15,18,pick,22/4/18 02:13,22/4/18 02:17,141,0,1,4,21/4/18 19:14,7.0225,1,pick,0
22/4/18 02:16,2,pick,22/4/18 02:13,22/4/18 02:17,191,0,1,4,21/4/18 19:14,7.036388889,1,pick,0
22/4/18 03:36,2,fast,22/4/18 03:31,22/4/18 03:44,309,0,1,4,21/4/18 19:14,8.379722222,1,fast,0
22/4/18 03:39,1,fast,22/4/18 03:31,22/4/18 03:44,482,0,1,4,21/4/18 19:14,8.427777778,1,fast,0
22/4/18 03:39,7,pick,22/4/18 03:31,22/4/18 03:44,501,0,1,4,21/4/18 19:14,8.433055556,1,pick,0
22/4/18 03:42,6,pick,22/4/18 03:31,22/4/18 03:44,659,0,1,4,21/4/18 19:14,8.476944444,1,pick,0
22/4/18 03:43,5,fast,22/4/18 03:31,22/4/18 03:44,707,0,1,4,21/4/18 19:14,8.490277778,1,fast,0
22/4/18 03:43,2,fast,22/4/18 03:31,22/4/18 03:44,722,0,1,4,21/4/18 19:14,8.494444444,1,fast,0
22/4/18 03:43,23,rat,22/4/18 03:31,22/4/18 03:44,734,1,0,4,21/4/18 19:14,8.497777778,1,bat_and_rat,0
22/4/18 03:44,13,rat,22/4/18 03:31,22/4/18 03:44,769,1,1,4,21/4/18 19:14,8.5075,1,pick_and_rat,0
22/4/18 03:42,71,bat,22/4/18 03:31,22/4/18 03:44,666,1,0,4,21/4/18 19:14,8.478888889,1,bat,0
22/4/18 05:27,2,fast,22/4/18 05:21,22/4/18 05:55,372,0,1,4,21/4/18 19:14,10.23305556,1,fast,0
18/4/18 05:19,1,fast,18/4/18 05:15,18/4/18 05:25,263,0,1,4,17/4/18 19:11,10.14944444,1,fast,0
28/4/18 20:39,0.094784549,fast,28/4/18 20:37,28/4/18 20:44,105,0,1,4,28/4/18 19:19,1.341944444,1,fast,0
28/4/18 20:40,0.076254237,other,28/4/18 20:37,28/4/18 20:44,166,1,0,4,28/4/18 19:19,1.358888889,1,others,0
28/4/18 20:44,0.014184241,rat,28/4/18 20:37,28/4/18 20:44,383,1,0,4,28/4/18 19:19,1.419166667,1,rat,0
28/4/18 21:30,9,rat,28/4/18 21:30,28/4/18 21:31,0,1,0,4,28/4/18 19:19,2.198055556,1,rat,0
28/4/18 21:31,28,rat,28/4/18 21:30,28/4/18 21:31,46,1,1,4,28/4/18 19:19,2.210833333,1,rat_and_pick,0
28/4/18 23:02,1,fast,28/4/18 23:01,28/4/18 23:12,85,0,1,4,28/4/18 19:19,3.725555556,1,fast,0
28/4/18 23:04,5,fast,28/4/18 23:01,28/4/18 23:12,188,0,1,4,28/4/18 19:19,3.754166667,1,fast,0
28/4/18 23:21,0.047647063,bat,28/4/18 23:21,28/4/18 23:24,0,1,0,4,28/4/18 19:19,4.036944444,1,bat_fight,1
28/4/18 23:22,0.090449811,rat,28/4/18 23:21,28/4/18 23:24,63,1,0,4,28/4/18 19:19,4.054444444,1,rat,0
28/4/18 23:23,3,fast,28/4/18 23:21,28/4/18 23:24,139,0,1,4,28/4/18 19:19,4.075555556,1,fast,0
28/4/18 23:24,14,pick,28/4/18 23:21,28/4/18 23:24,171,0,1,4,28/4/18 19:19,4.084444444,1,pick,0
29/4/18 00:22,17,rat,29/4/18 00:22,29/4/18 00:27,28,1,0,4,28/4/18 19:19,5.060833333,1,rat,0
29/4/18 00:23,20,rat,29/4/18 00:22,29/4/18 00:27,82,1,0,4,28/4/18 19:19,5.075833333,1,rat,0
29/4/18 00:25,0.099179779,rat,29/4/18 00:22,29/4/18 00:27,206,1,0,4,28/4/18 19:19,5.110277778,1,rat,0
29/4/18 00:27,11,pick,29/4/18 00:22,29/4/18 00:27,309,0,1,4,28/4/18 19:19,5.138888889,1,pick,0
29/4/18 00:55,2,fast,29/4/18 00:55,29/4/18 00:56,8,0,1,4,28/4/18 19:19,5.611111111,1,fast,0
29/4/18 00:55,0.043720185,rat,29/4/18 00:55,29/4/18 00:56,11,1,0,4,28/4/18 19:19,5.611944444,1,rat,0
29/4/18 00:56,174,rat,29/4/18 00:55,29/4/18 00:56,50,1,1,4,28/4/18 19:19,5.622777778,1,pick_rat_bat,0
29/4/18 01:03,2,rat,29/4/18 01:02,29/4/18 01:06,47,1,0,4,28/4/18 19:19,5.735277778,1,rat,0
29/4/18 01:03,6,rat,29/4/18 01:02,29/4/18 01:06,66,1,0,4,28/4/18 19:19,5.740555556,1,rat,0
29/4/18 01:03,5,rat,29/4/18 01:02,29/4/18 01:06,78,1,0,4,28/4/18 19:19,5.743888889,1,rat_and_bat,0
29/4/18 01:03,3,fast,29/4/18 01:02,29/4/18 01:06,87,0,1,4,28/4/18 19:19,5.746388889,1,fast,0
29/4/18 01:04,0.069546705,rat,29/4/18 01:02,29/4/18 01:06,132,1,0,4,28/4/18 19:19,5.758888889,1,rat,0
29/4/18 01:04,0.035887407,bat,29/4/18 01:02,29/4/18 01:06,143,1,0,4,28/4/18 19:19,5.761944444,1,bat,0
29/4/18 01:05,5,pick,29/4/18 01:02,29/4/18 01:06,172,0,1,4,28/4/18 19:19,5.77,1,pick,0
29/4/18 01:05,6,fast,29/4/18 01:02,29/4/18 01:06,182,0,1,4,28/4/18 19:19,5.772777778,1,fast,0
29/4/18 01:05,0.087634798,fast,29/4/18 01:02,29/4/18 01:06,206,0,1,4,28/4/18 19:19,5.779444444,1,fast,0
29/4/18 01:05,3,fast,29/4/18 01:02,29/4/18 01:06,211,0,1,4,28/4/18 19:19,5.780833333,1,fast,0
29/4/18 01:20,0.038141769,pick,29/4/18 01:19,29/4/18 01:24,5,0,1,4,28/4/18 19:19,6.0175,1,pick,0
29/4/18 01:20,0.09694048,bat,29/4/18 01:19,29/4/18 01:24,38,1,1,4,28/4/18 19:19,6.026666667,1,bat_and_pick_far,0
29/4/18 01:20,2,fast,29/4/18 01:19,29/4/18 01:24,58,0,1,4,28/4/18 19:19,6.032222222,1,fast,0
29/4/18 01:21,2,fast,29/4/18 01:19,29/4/18 01:24,119,0,1,4,28/4/18 19:19,6.049166667,1,fast,0
29/4/18 01:43,4,fast,29/4/18 01:41,29/4/18 01:51,105,0,1,4,28/4/18 19:19,6.409444444,1,fast,0
29/4/18 01:44,5,pick,29/4/18 01:41,29/4/18 01:51,180,0,1,4,28/4/18 19:19,6.430277778,1,pick,0
29/4/18 01:44,3,fast,29/4/18 01:41,29/4/18 01:51,187,0,1,4,28/4/18 19:19,6.432222222,1,fast,0
29/4/18 01:45,5,pick,29/4/18 01:41,29/4/18 01:51,247,0,1,4,28/4/18 19:19,6.448888889,1,pick,0
29/4/18 01:46,0.020820512,fast,29/4/18 01:41,29/4/18 01:51,252,0,1,4,28/4/18 19:19,6.450277778,1,fast,0
29/4/18 01:48,9,bat,29/4/18 01:41,29/4/18 01:51,419,1,0,4,28/4/18 19:19,6.496666667,1,bat,0
29/4/18 01:49,1,fast,29/4/18 01:41,29/4/18 01:51,436,0,1,4,28/4/18 19:19,6.501388889,1,fast_far,0
29/4/18 01:51,21,pick,29/4/18 01:41,29/4/18 01:51,572,0,1,4,28/4/18 19:19,6.539166667,1,pick,0
29/4/18 01:51,4,bat,29/4/18 01:41,29/4/18 01:51,592,1,0,4,28/4/18 19:19,6.544722222,1,bat,0
29/4/18 02:51,1,fast,29/4/18 02:51,29/4/18 03:06,36,0,1,4,28/4/18 19:19,7.544166667,1,fast,0
29/4/18 02:52,31,pick,29/4/18 02:51,29/4/18 03:06,80,0,1,4,28/4/18 19:19,7.556388889,1,pick,0
29/4/18 02:53,6,pick,29/4/18 02:51,29/4/18 03:06,169,0,1,4,28/4/18 19:19,7.581111111,1,pick,0
29/4/18 02:58,2,bat,29/4/18 02:51,29/4/18 03:06,452,1,0,4,28/4/18 19:19,7.659722222,1,bat,0
29/4/18 02:58,0.071250736,bat,29/4/18 02:51,29/4/18 03:06,466,1,1,4,28/4/18 19:19,7.663611111,1,bat_and_pick,0
29/4/18 02:59,4,pick,29/4/18 02:51,29/4/18 03:06,485,0,1,4,28/4/18 19:19,7.668888889,1,pick,0
29/4/18 02:59,7,pick,29/4/18 02:51,29/4/18 03:06,499,0,1,4,28/4/18 19:19,7.672777778,1,pick,0
29/4/18 03:04,3,fast,29/4/18 02:51,29/4/18 03:06,783,0,1,4,28/4/18 19:19,7.751666667,1,fast,0
29/4/18 03:06,0.014550835,pick,29/4/18 02:51,29/4/18 03:06,903,1,1,4,28/4/18 19:19,7.785,1,pick_and_all,0
29/4/18 03:14,72,bat,29/4/18 03:11,29/4/18 03:15,211,1,1,4,28/4/18 19:19,7.925833333,1,pick_and_bat,0
29/4/18 03:34,2,bat,29/4/18 03:33,29/4/18 03:48,26,1,0,4,28/4/18 19:19,8.252222222,1,bat,0
29/4/18 03:34,12,pick,29/4/18 03:33,29/4/18 03:48,63,0,1,4,28/4/18 19:19,8.2625,1,pick,0
29/4/18 03:40,0.025349973,bat,29/4/18 03:33,29/4/18 03:48,402,1,0,4,28/4/18 19:19,8.356666667,1,bats,0
29/4/18 03:45,0.094601342,rat,29/4/18 03:33,29/4/18 03:48,708,1,0,4,28/4/18 19:19,8.441666667,1,rat,0
29/4/18 03:46,26,rat,29/4/18 03:33,29/4/18 03:48,740,1,1,4,28/4/18 19:19,8.450555556,1,rat_pick,0
29/4/18 04:34,0.044300625,fast,29/4/18 04:31,29/4/18 04:37,192,0,1,4,28/4/18 19:19,9.265,1,fast,0
29/4/18 04:36,0.09536188,fast,29/4/18 04:31,29/4/18 04:37,315,0,1,4,28/4/18 19:19,9.299166667,1,fast,0
29/4/18 05:00,0.091074825,fast,29/4/18 04:58,29/4/18 05:00,109,0,1,4,28/4/18 19:19,9.688333333,1,fast,0
28/4/18 23:21,2,fast,28/4/18 23:21,28/4/18 23:24,44,0,1,4,28/4/18 19:19,4.049166667,1,fast,0
28/4/18 23:22,1,pick,28/4/18 23:21,28/4/18 23:24,60,0,1,4,28/4/18 19:19,4.053611111,1,pick,0
28/4/18 23:22,80,rat,28/4/18 23:21,28/4/18 23:24,71,1,0,4,28/4/18 19:19,4.056666667,1,rat,0
29/4/18 02:51,67,bat,29/4/18 02:51,29/4/18 03:06,41,1,0,4,28/4/18 19:19,7.545555556,1,bat,0
29/4/18 02:52,1,fast,29/4/18 02:51,29/4/18 03:06,66,0,1,4,28/4/18 19:19,7.5525,1,fast,0
29/4/18 03:06,2,other,29/4/18 02:51,29/4/18 03:06,902,0,0,4,28/4/18 19:19,7.784722222,1,fight,1
29/4/18 03:46,105,rat,29/4/18 03:33,29/4/18 03:48,773,1,1,4,28/4/18 19:19,8.459722222,1,rat_and_pick,0
29/4/18 20:43,0.017597713,fast,29/4/18 20:37,29/4/18 20:53,389,0,1,4,29/4/18 19:19,1.414722222,1,fast,0
29/4/18 20:48,0.032534418,fast,29/4/18 20:37,29/4/18 20:53,695,0,1,4,29/4/18 19:19,1.499722222,1,fast,0
29/4/18 20:49,4,fast,29/4/18 20:37,29/4/18 20:53,710,0,1,4,29/4/18 19:19,1.503888889,1,fast,0
29/4/18 20:50,14,rat,29/4/18 20:37,29/4/18 20:53,759,1,1,4,29/4/18 19:19,1.5175,1,bat_rat_pick,0
29/4/18 22:53,20,rat,29/4/18 22:53,29/4/18 23:06,4,1,0,4,29/4/18 19:19,3.5725,1,rat_and_bat,0
29/4/18 22:53,2,fast,29/4/18 22:53,29/4/18 23:06,9,0,1,4,29/4/18 19:19,3.573888889,1,fast,0
29/4/18 22:54,36,rat,29/4/18 22:53,29/4/18 23:06,67,1,0,4,29/4/18 19:19,3.59,1,rat,0
29/4/18 22:55,8,rat,29/4/18 22:53,29/4/18 23:06,144,1,0,4,29/4/18 19:19,3.611388889,1,rat,0
29/4/18 22:56,0.097800752,rat,29/4/18 22:53,29/4/18 23:06,184,1,0,4,29/4/18 19:19,3.6225,1,rat,0
29/4/18 23:00,0.063312201,bat,29/4/18 22:53,29/4/18 23:06,428,1,0,4,29/4/18 19:19,3.690277778,1,bat_fight,1
29/4/18 23:01,18,bat,29/4/18 22:53,29/4/18 23:06,490,1,1,4,29/4/18 19:19,3.7075,1,bat_pick,0
29/4/18 23:01,2,fast,29/4/18 22:53,29/4/18 23:06,521,0,1,4,29/4/18 19:19,3.716111111,1,fast,0
29/4/18 23:02,5,rat,29/4/18 22:53,29/4/18 23:06,529,1,1,4,29/4/18 19:19,3.718333333,1,rat_and_pick,0
29/4/18 23:06,0.078489345,fast,29/4/18 22:53,29/4/18 23:06,776,0,1,4,29/4/18 19:19,3.786944444,1,fast,0
30/4/18 01:30,22,bat,30/4/18 01:26,30/4/18 01:44,239,1,1,4,29/4/18 19:19,6.196944444,1,pick_bat,0
30/4/18 01:31,46,bat,30/4/18 01:26,30/4/18 01:44,257,1,1,4,29/4/18 19:19,6.201944444,1,pick_bat,0
30/4/18 01:31,9,bat,30/4/18 01:26,30/4/18 01:44,290,1,1,4,29/4/18 19:19,6.211111111,1,pick_bat,0
30/4/18 01:31,4,fast,30/4/18 01:26,30/4/18 01:44,304,0,1,4,29/4/18 19:19,6.215,1,fast,0
30/4/18 01:32,0.085746166,rat,30/4/18 01:26,30/4/18 01:44,315,1,1,4,29/4/18 19:19,6.218055556,1,rat_pick,0
30/4/18 01:32,4,pick,30/4/18 01:26,30/4/18 01:44,323,0,1,4,29/4/18 19:19,6.220277778,1,pick,0
30/4/18 01:33,0.040027684,rat,30/4/18 01:26,30/4/18 01:44,407,1,0,4,29/4/18 19:19,6.243611111,1,rat,0
30/4/18 01:37,0.076567662,fast,30/4/18 01:26,30/4/18 01:44,633,0,1,4,29/4/18 19:19,6.306388889,1,fast,0
30/4/18 01:40,0.072746343,rat,30/4/18 01:26,30/4/18 01:44,800,1,0,4,29/4/18 19:19,6.352777778,1,bat_and_rat,0
30/4/18 01:40,0.055695432,rat,30/4/18 01:26,30/4/18 01:44,808,1,0,4,29/4/18 19:19,6.355,1,bat_and_rat,0
30/4/18 01:40,33,rat,30/4/18 01:26,30/4/18 01:44,816,1,0,4,29/4/18 19:19,6.357222222,1,bat_and_rat,0
30/4/18 01:40,39,bat,30/4/18 01:26,30/4/18 01:44,844,1,1,4,29/4/18 19:19,6.365,1,pick_and_bat,0
30/4/18 01:42,3,fast,30/4/18 01:26,30/4/18 01:44,925,0,1,4,29/4/18 19:19,6.3875,1,fast,0
30/4/18 02:42,0.094277126,fast,30/4/18 02:41,30/4/18 02:55,63,0,1,4,29/4/18 19:19,7.387777778,1,fast,0
30/4/18 02:42,1,fast,30/4/18 02:41,30/4/18 02:55,91,0,1,4,29/4/18 19:19,7.395555556,1,fast,0
30/4/18 02:43,0.019462583,other,30/4/18 02:41,30/4/18 02:55,142,0,0,4,29/4/18 19:19,7.409722222,1,no_food,0
30/4/18 02:43,7,pick,30/4/18 02:41,30/4/18 02:55,162,0,1,4,29/4/18 19:19,7.415277778,1,pick,0
30/4/18 02:44,0.037865482,fast,30/4/18 02:41,30/4/18 02:55,191,0,1,4,29/4/18 19:19,7.423333333,1,fast,0
30/4/18 02:44,4,fast,30/4/18 02:41,30/4/18 02:55,222,0,1,4,29/4/18 19:19,7.431944444,1,fast,0
30/4/18 02:46,0.037828205,bat,30/4/18 02:41,30/4/18 02:55,291,1,1,4,29/4/18 19:19,7.451111111,1,bat_and_pick,0
30/4/18 02:46,22,bat,30/4/18 02:41,30/4/18 02:55,288,1,1,4,29/4/18 19:19,7.450277778,1,bat_and_pick,0
30/4/18 02:51,0.099086619,fast,30/4/18 02:41,30/4/18 02:55,624,0,1,4,29/4/18 19:19,7.543611111,1,fast,0
30/4/18 02:51,0.033212611,bat,30/4/18 02:41,30/4/18 02:55,630,1,1,4,29/4/18 19:19,7.545277778,1,bat_and_pick,0
30/4/18 02:55,0.096084094,rat,30/4/18 02:41,30/4/18 02:55,878,1,0,4,29/4/18 19:19,7.614166667,1,bat_and_rat,0
30/4/18 03:53,7,bat,30/4/18 03:43,30/4/18 04:42,605,1,1,4,29/4/18 19:19,8.582777778,1,bat_and_pick,0
30/4/18 03:54,6,pick,30/4/18 03:43,30/4/18 04:42,653,0,1,4,29/4/18 19:19,8.596111111,1,pick,0
30/4/18 01:34,5,rat,30/4/18 01:26,30/4/18 01:44,445,1,0,4,29/4/18 19:19,6.254166667,1,rat_and_bat,0
27/4/18 21:57,8,rat,27/4/18 21:56,27/4/18 22:00,47,1,0,4,27/4/18 19:18,2.662777778,1,rat,0
27/4/18 22:00,5,rat,27/4/18 21:56,27/4/18 22:00,199,1,0,4,27/4/18 19:18,2.705,1,rat,0
27/4/18 22:12,17,bat,27/4/18 22:08,27/4/18 22:12,214,1,0,4,27/4/18 19:18,2.9,1,other_bats,0
27/4/18 22:41,1,rat,27/4/18 22:39,27/4/18 22:41,127,1,0,4,27/4/18 19:18,3.389722222,1,rat,0
27/4/18 23:01,2,fast,27/4/18 23:01,27/4/18 23:12,18,0,1,4,27/4/18 19:18,3.732777778,1,fast,0
27/4/18 23:02,31,bat,27/4/18 23:01,27/4/18 23:12,68,1,0,4,27/4/18 19:18,3.746666667,1,other_bats,0
27/4/18 23:02,1,fast,27/4/18 23:01,27/4/18 23:12,79,0,1,4,27/4/18 19:18,3.749722222,1,fast,0
27/4/18 23:03,2,fast,27/4/18 23:01,27/4/18 23:12,105,0,1,4,27/4/18 19:18,3.756944444,1,fast,0
27/4/18 23:11,5,pick,27/4/18 23:01,27/4/18 23:12,576,1,1,4,27/4/18 19:18,3.887777778,1,pick_and_others,0
27/4/18 23:11,13,bat,27/4/18 23:01,27/4/18 23:12,592,1,0,4,27/4/18 19:18,3.892222222,1,bats,0
27/4/18 23:12,15,bat,27/4/18 23:01,27/4/18 23:12,623,1,0,4,27/4/18 19:18,3.900833333,1,bats,0
27/4/18 23:16,1,fast,27/4/18 23:15,27/4/18 23:17,35,0,1,4,27/4/18 19:18,3.97,1,fast,0
27/4/18 23:16,3,fast,27/4/18 23:15,27/4/18 23:17,74,0,1,4,27/4/18 19:18,3.980833333,1,fast,0
27/4/18 23:17,2,fast,27/4/18 23:15,27/4/18 23:17,120,0,1,4,27/4/18 19:18,3.993611111,1,fast,0
27/4/18 23:42,6,pick,27/4/18 23:41,27/4/18 23:43,23,0,1,4,27/4/18 19:18,4.401111111,1,pick,0
28/4/18 00:07,11,rat,28/4/18 00:04,28/4/18 00:14,174,1,1,4,27/4/18 19:18,4.829722222,1,rat_and_pick,0
28/4/18 00:10,3,rat,28/4/18 00:04,28/4/18 00:14,330,1,0,4,27/4/18 19:18,4.873055556,1,rat,0
28/4/18 00:10,6,pick,28/4/18 00:04,28/4/18 00:14,363,0,1,4,27/4/18 19:18,4.882222222,1,pick,0
28/4/18 00:10,5,bat,28/4/18 00:04,28/4/18 00:14,365,1,0,4,27/4/18 19:18,4.882777778,1,bat_fight,1
28/4/18 00:10,5,bat,28/4/18 00:04,28/4/18 00:14,365,1,0,4,27/4/18 19:18,4.882777778,1,bat_fight,1
28/4/18 00:11,2,fast,28/4/18 00:04,28/4/18 00:14,373,0,1,4,27/4/18 19:18,4.885,1,fast,0
28/4/18 00:11,4,pick,28/4/18 00:04,28/4/18 00:14,401,0,1,4,27/4/18 19:18,4.892777778,1,pick,0
28/4/18 00:11,1,rat,28/4/18 00:04,28/4/18 00:14,408,1,0,4,27/4/18 19:18,4.894722222,1,rat,0
28/4/18 00:12,7,rat,28/4/18 00:04,28/4/18 00:14,434,1,0,4,27/4/18 19:18,4.901944444,1,rat,0
28/4/18 00:12,6,pick,28/4/18 00:04,28/4/18 00:14,449,0,1,4,27/4/18 19:18,4.906111111,1,pick,0
28/4/18 00:13,5,rat,28/4/18 00:04,28/4/18 00:14,496,1,1,4,27/4/18 19:18,4.919166667,1,pick_and_rat,0
28/4/18 00:13,18,pick,28/4/18 00:04,28/4/18 00:14,497,0,1,4,27/4/18 19:18,4.919444444,1,pick,0
28/4/18 00:13,3,fast,28/4/18 00:04,28/4/18 00:14,520,0,1,4,27/4/18 19:18,4.925833333,1,fast,0
28/4/18 00:13,10,rat,28/4/18 00:04,28/4/18 00:14,544,1,0,4,27/4/18 19:18,4.9325,1,bat_and_rat,0
28/4/18 01:06,1,fast,28/4/18 01:06,28/4/18 01:07,19,0,1,4,27/4/18 19:18,5.808888889,1,fast,0
28/4/18 01:06,0.063724824,fast,28/4/18 01:06,28/4/18 01:07,35,0,1,4,27/4/18 19:18,5.813333333,1,fast,0
28/4/18 01:06,5,other,28/4/18 01:06,28/4/18 01:07,42,1,0,4,27/4/18 19:18,5.815277778,1,others,0
28/4/18 01:07,6,pick,28/4/18 01:06,28/4/18 01:07,74,0,1,4,27/4/18 19:18,5.824166667,1,pick,0
28/4/18 02:14,15,other,28/4/18 02:13,28/4/18 02:14,55,1,0,4,27/4/18 19:18,6.935833333,1,others,0
28/4/18 02:14,4,pick,28/4/18 02:13,28/4/18 02:14,90,0,1,4,27/4/18 19:18,6.945555556,1,pick,0
28/4/18 02:22,5,rat,28/4/18 02:21,28/4/18 02:23,60,1,0,4,27/4/18 19:18,7.071388889,1,rat_disappear,0
28/4/18 02:22,0.026148246,fast,28/4/18 02:21,28/4/18 02:23,90,0,1,4,27/4/18 19:18,7.079722222,1,fast,0
28/4/18 02:49,7,bat,28/4/18 02:47,28/4/18 02:51,120,1,1,4,27/4/18 19:18,7.528333333,1,pick_and_bat,0
28/4/18 02:49,7,pick,28/4/18 02:47,28/4/18 02:51,128,0,1,4,27/4/18 19:18,7.530555556,1,pick,0
28/4/18 02:50,0.08833199,fast,28/4/18 02:47,28/4/18 02:51,139,0,1,4,27/4/18 19:18,7.533611111,1,fast,0
28/4/18 02:50,8,pick,28/4/18 02:47,28/4/18 02:51,170,0,1,4,27/4/18 19:18,7.542222222,1,pick,0
28/4/18 02:50,28,pick,28/4/18 02:47,28/4/18 02:51,195,1,1,4,27/4/18 19:18,7.549166667,1,pick_and_others,0
28/4/18 02:51,6,pick,28/4/18 02:47,28/4/18 02:51,211,0,1,4,27/4/18 19:18,7.553611111,1,pick,0
28/4/18 03:25,15,rat,28/4/18 03:24,28/4/18 03:25,31,1,0,4,27/4/18 19:18,8.1225,1,rat_and_bat,0
28/4/18 03:25,2,fast,28/4/18 03:24,28/4/18 03:25,45,0,1,4,27/4/18 19:18,8.126388889,1,fast,0
28/4/18 03:36,3,fast,28/4/18 03:33,28/4/18 03:36,194,0,1,4,27/4/18 19:18,8.305,1,fast,0
28/4/18 03:51,3,fast,28/4/18 03:48,28/4/18 04:09,172,0,1,4,27/4/18 19:18,8.554722222,1,fast,0
28/4/18 05:16,17,rat,28/4/18 05:14,28/4/18 05:21,115,1,0,4,27/4/18 19:18,9.978888889,1,rat,0
28/4/18 05:20,1,pick,28/4/18 05:14,28/4/18 05:21,370,0,1,4,27/4/18 19:18,10.04972222,1,pick,0
28/4/18 05:55,3,fast,28/4/18 05:55,28/4/18 06:05,56,0,1,4,27/4/18 19:18,10.63222222,1,fast,0
27/4/18 23:10,0.032185829,other,27/4/18 23:01,27/4/18 23:12,530,0,0,4,27/4/18 19:18,3.875,1,nan,0
18/4/18 20:42,1,other,18/4/18 20:40,18/4/18 20:43,159,1,0,4,18/4/18 19:12,1.516388889,1,others,0
18/4/18 20:43,12,other,18/4/18 20:40,18/4/18 20:43,199,1,0,4,18/4/18 19:12,1.5275,1,others,0
19/4/18 00:19,7,pick,19/4/18 00:18,19/4/18 00:19,59,0,1,4,18/4/18 19:12,5.118888889,1,pick,0
19/4/18 01:15,3,fast,19/4/18 01:12,19/4/18 01:18,187,0,1,4,18/4/18 19:12,6.058055556,1,fast,0
19/4/18 04:31,8,rat,19/4/18 04:28,19/4/18 04:34,200,1,0,4,18/4/18 19:12,9.331666667,1,rat,0
19/4/18 04:32,1,fast,19/4/18 04:28,19/4/18 04:34,210,0,1,4,18/4/18 19:12,9.334444444,1,fast,0
19/4/18 04:33,5,pick,19/4/18 04:28,19/4/18 04:34,274,0,1,4,18/4/18 19:12,9.352222222,1,pick,0
19/4/18 04:33,14,pick,19/4/18 04:28,19/4/18 04:34,280,0,1,4,18/4/18 19:12,9.353888889,1,pick,0
18/4/18 20:59,0.093387578,other,18/4/18 20:56,18/4/18 20:59,200,0,0,4,18/4/18 19:12,1.792222222,1,nan,0
18/4/18 20:41,0.029003504,other,18/4/18 20:40,18/4/18 20:43,71,0,0,4,18/4/18 19:12,1.491944444,1,nan,0
15/4/18 21:28,9,other,15/4/18 21:24,15/4/18 21:29,188,0,0,4,15/4/18 19:10,2.300555556,1,nan,0
15/4/18 21:28,1,other,15/4/18 21:24,15/4/18 21:29,238,0,0,4,15/4/18 19:10,2.314444444,1,nan,0
30/4/18 21:15,2,rat,30/4/18 21:14,30/4/18 21:16,38,1,0,4,30/4/18 19:20,1.926388889,1,rat,0
30/4/18 21:16,2,bat,30/4/18 21:14,30/4/18 21:16,109,1,0,4,30/4/18 19:20,1.946111111,1,bats,0
30/4/18 21:33,50,bat,30/4/18 21:28,30/4/18 21:33,299,1,1,4,30/4/18 19:20,2.227222222,1,bat_and_pick,0
30/4/18 22:09,150,pick,30/4/18 22:08,30/4/18 22:15,63,1,1,4,30/4/18 19:20,2.8325,1,all_pick,0
30/4/18 22:11,6,bat,30/4/18 22:08,30/4/18 22:15,139,1,0,4,30/4/18 19:20,2.853611111,1,bat_fight,1
30/4/18 22:12,11,pick,30/4/18 22:08,30/4/18 22:15,228,0,1,4,30/4/18 19:20,2.878333333,1,pick,0
30/4/18 22:15,13,bat,30/4/18 22:08,30/4/18 22:15,407,1,0,4,30/4/18 19:20,2.928055556,1,bat,0
30/4/18 22:40,32,rat,30/4/18 22:34,30/4/18 22:40,359,1,0,4,30/4/18 19:20,3.343333333,1,rat,0
30/4/18 23:07,36,pick,30/4/18 23:07,30/4/18 23:11,0,0,1,4,30/4/18 19:20,3.786944444,1,pick,0
30/4/18 23:29,164,rat,30/4/18 23:19,30/4/18 23:32,609,1,1,4,30/4/18 19:20,4.1525,1,eating_bat_rat_pick,0
30/4/18 23:29,4,bat,30/4/18 23:19,30/4/18 23:32,616,1,0,4,30/4/18 19:20,4.154444444,1,bat_fight,1
30/4/18 23:29,9,bat,30/4/18 23:19,30/4/18 23:32,655,1,0,4,30/4/18 19:20,4.165277778,1,bat_fight,1
30/4/18 23:30,12,bat,30/4/18 23:19,30/4/18 23:32,673,1,0,4,30/4/18 19:20,4.170277778,1,bat_fight,1
30/4/18 23:30,11,bat,30/4/18 23:19,30/4/18 23:32,685,1,1,4,30/4/18 19:20,4.173611111,1,bat_pick,0
30/4/18 23:31,2,fast,30/4/18 23:19,30/4/18 23:32,773,0,1,4,30/4/18 19:20,4.198055556,1,fast,0
4/9/18 22:12,0.052214843,other,4/9/18 22:10,4/9/18 22:12,139,0,0,4,4/9/18 19:05,3.127777778,1,nan,0
4/9/18 22:12,1,other,4/9/18 22:10,4/9/18 22:12,129,0,0,4,4/9/18 19:05,3.125,1,nan,0
22/4/18 19:38,5,bat,22/4/18 19:38,22/4/18 19:42,9,1,0,4,22/4/18 19:14,0.4025,1,bat,0
22/4/18 19:41,2,fast,22/4/18 19:38,22/4/18 19:42,203,0,1,4,22/4/18 19:14,0.456388889,1,fast,0
23/4/18 00:11,7,pick,23/4/18 00:08,23/4/18 00:12,161,0,1,4,22/4/18 19:14,4.955,1,pick,0
23/4/18 00:12,2,pick,23/4/18 00:08,23/4/18 00:12,238,0,1,4,22/4/18 19:14,4.976388889,1,pick,0
23/4/18 00:46,5,fast,23/4/18 00:45,23/4/18 00:50,64,0,1,4,22/4/18 19:14,5.536388889,1,fast,0
23/4/18 00:48,4,pick,23/4/18 00:45,23/4/18 00:50,174,0,1,4,22/4/18 19:14,5.566944444,1,pick,0
23/4/18 00:49,4,pick,23/4/18 00:45,23/4/18 00:50,263,0,1,4,22/4/18 19:14,5.591666667,1,pick,0
23/4/18 00:49,16,pick,23/4/18 00:45,23/4/18 00:50,276,0,1,4,22/4/18 19:14,5.595277778,1,pick,0
23/4/18 01:08,1,fast,23/4/18 01:07,23/4/18 01:10,105,0,1,4,22/4/18 19:14,5.916111111,1,fast,0
23/4/18 01:10,2,fast,23/4/18 01:07,23/4/18 01:10,183,0,1,4,22/4/18 19:14,5.937777778,1,fast,0
23/4/18 01:41,3,pick,23/4/18 01:41,23/4/18 01:44,1,0,1,4,22/4/18 19:14,6.456111111,1,pick,0
23/4/18 00:47,4,pick,23/4/18 00:45,23/4/18 00:50,161,0,1,4,22/4/18 19:14,5.563333333,1,pick,0
25/4/18 19:25,30,rat,25/4/18 19:24,25/4/18 19:32,57,1,1,4,25/4/18 19:17,0.138611111,1,pick_and_rat,0
25/4/18 19:31,28,pick,25/4/18 19:24,25/4/18 19:32,433,0,1,4,25/4/18 19:17,0.243055556,1,pick,0
23/4/18 19:51,2,pick,23/4/18 19:51,23/4/18 19:51,5,0,1,4,23/4/18 19:15,0.605555556,1,fast_and_pick,0
24/4/18 03:57,27,other,24/4/18 03:51,24/4/18 03:57,389,1,0,4,23/4/18 19:15,8.714444444,1,other directions,0
24/4/18 05:16,5,other,24/4/18 05:14,24/4/18 05:19,72,0,0,4,23/4/18 19:15,10.01916667,1,nan,0
20/4/18 19:22,1,fast,20/4/18 19:18,20/4/18 19:26,254,0,1,4,20/4/18 19:13,0.164722222,1,fast,0
20/4/18 19:25,5,fast,20/4/18 19:18,20/4/18 19:26,383,0,1,4,20/4/18 19:13,0.200555556,1,fast,0
20/4/18 19:25,0.039481249,fast,20/4/18 19:18,20/4/18 19:26,440,0,1,4,20/4/18 19:13,0.216388889,1,fast,0
20/4/18 21:06,118,rat,20/4/18 21:05,20/4/18 21:11,73,1,1,4,20/4/18 19:13,1.891666667,1,rat_and_pick,0
20/4/18 21:11,37,rat,20/4/18 21:05,20/4/18 21:11,375,1,0,4,20/4/18 19:13,1.975555556,1,rat,0
20/4/18 21:21,109,rat,20/4/18 21:20,20/4/18 21:34,90,1,0,4,20/4/18 19:13,2.141944444,1,rat,0
20/4/18 21:22,2,fast,20/4/18 21:20,20/4/18 21:34,139,0,1,4,20/4/18 19:13,2.155555556,1,fast,0
20/4/18 21:24,25,pick,20/4/18 21:20,20/4/18 21:34,250,0,1,4,20/4/18 19:13,2.186388889,1,pick,0
20/4/18 21:27,37,pick,20/4/18 21:20,20/4/18 21:34,477,0,1,4,20/4/18 19:13,2.249444444,1,pick,0
20/4/18 21:59,2,pick,20/4/18 21:59,20/4/18 21:59,12,0,1,4,20/4/18 19:13,2.772222222,1,pick,0
21/4/18 00:49,1,pick,21/4/18 00:49,21/4/18 00:55,0,0,1,4,20/4/18 19:13,5.601666667,1,pick,0
21/4/18 00:50,28,rat,21/4/18 00:49,21/4/18 00:55,107,1,0,4,20/4/18 19:13,5.631388889,1,bat_and_rat,0
21/4/18 00:54,2,bat,21/4/18 00:49,21/4/18 00:55,349,1,0,4,20/4/18 19:13,5.698611111,1,bat_fight,1
21/4/18 00:55,0.071239584,fast,21/4/18 00:49,21/4/18 00:55,383,0,1,4,20/4/18 19:13,5.708055556,1,fast,0
21/4/18 01:44,11,rat,21/4/18 01:43,21/4/18 01:45,25,1,0,4,20/4/18 19:13,6.516666667,1,rat,0
21/4/18 02:08,5,bat,21/4/18 02:06,21/4/18 02:18,121,1,0,4,20/4/18 19:13,6.933055556,1,bats,0
21/4/18 02:09,0.033235649,fast,21/4/18 02:06,21/4/18 02:18,150,0,1,4,20/4/18 19:13,6.941111111,1,fast,0
21/4/18 02:09,3,pick,21/4/18 02:06,21/4/18 02:18,172,0,1,4,20/4/18 19:13,6.947222222,1,pick,0
21/4/18 02:14,15,rat,21/4/18 02:06,21/4/18 02:18,460,1,0,4,20/4/18 19:13,7.027222222,1,rat,0
21/4/18 02:15,1,fast,21/4/18 02:06,21/4/18 02:18,482,0,1,4,20/4/18 19:13,7.033333333,1,fast,0
21/4/18 02:16,1,rat,21/4/18 02:06,21/4/18 02:18,580,1,0,4,20/4/18 19:13,7.060555556,1,rat,0
21/4/18 02:16,17,rat,21/4/18 02:06,21/4/18 02:18,587,1,0,4,20/4/18 19:13,7.0625,1,rat,0
21/4/18 02:17,0.0502264,fast,21/4/18 02:06,21/4/18 02:18,603,0,1,4,20/4/18 19:13,7.066944444,1,fast,0
21/4/18 02:17,4,bat,21/4/18 02:06,21/4/18 02:18,619,1,0,4,20/4/18 19:13,7.071388889,1,bat_fight,1
21/4/18 02:17,1,other,21/4/18 02:06,21/4/18 02:18,621,0,0,4,20/4/18 19:13,7.071944444,1,fight,1
21/4/18 02:17,0.057320093,other,21/4/18 02:06,21/4/18 02:18,629,0,0,4,20/4/18 19:13,7.074166667,1,no_food,0
21/4/18 02:17,2,bat,21/4/18 02:06,21/4/18 02:18,628,1,0,4,20/4/18 19:13,7.073888889,1,bat,0
21/4/18 02:17,2,fast,21/4/18 02:06,21/4/18 02:18,638,0,1,4,20/4/18 19:13,7.076666667,1,fast,0
21/4/18 03:26,1,fast,21/4/18 03:21,21/4/18 03:26,261,0,1,4,20/4/18 19:13,8.218611111,1,fast,0
21/4/18 03:26,6,rat,21/4/18 03:21,21/4/18 03:26,279,1,0,4,20/4/18 19:13,8.223611111,1,rat,0
21/4/18 05:54,4,fast,21/4/18 05:50,21/4/18 06:09,285,0,1,4,20/4/18 19:13,10.69888889,1,fast,0
21/4/18 00:54,17,pick,21/4/18 00:49,21/4/18 00:55,336,0,1,4,20/4/18 19:13,5.695,1,pick,0
31/5/18 23:34,41,other,31/5/18 23:31,31/5/18 23:34,133,0,0,5,31/5/18 19:41,3.885833333,1,nan,0
5/6/18 23:55,4,rat,5/6/18 23:44,5/6/18 23:55,629,1,0,5,5/6/18 19:24,4.518888889,1,rat,0
5/7/18 03:16,10,bat,5/7/18 03:12,5/7/18 03:16,234,1,0,5,5/6/18 19:24,7.870833333,1,bat_fight,1
5/7/18 03:45,23,rat,5/7/18 03:38,5/7/18 03:54,423,1,0,5,5/6/18 19:24,8.3525,1,rat,0
5/7/18 04:28,2,rat,5/7/18 04:25,5/7/18 04:36,158,1,0,5,5/6/18 19:24,9.072777778,1,rat,0
5/7/18 04:29,5,bat,5/7/18 04:25,5/7/18 04:36,203,1,0,5,5/6/18 19:24,9.085277778,1,other_bats,0
5/7/18 04:44,42,rat,5/7/18 04:43,5/7/18 04:46,108,1,0,5,5/6/18 19:24,9.3475,1,rat,0
5/7/18 05:32,10,pick,5/7/18 05:30,5/7/18 05:42,149,0,1,5,5/6/18 19:24,10.14583333,1,pick,0
5/7/18 05:33,2,rat,5/7/18 05:30,5/7/18 05:42,187,1,0,5,5/6/18 19:24,10.15638889,1,rat,0
5/7/18 03:16,30,rat,5/7/18 03:12,5/7/18 03:16,221,1,0,5,5/6/18 19:24,7.867222222,1,bat_fight_rat,1
5/7/18 04:29,50,rat,5/7/18 04:25,5/7/18 04:36,252,1,1,5,5/6/18 19:24,9.098888889,1,rat_pick,0
5/9/18 01:39,31,pick,5/9/18 01:35,5/9/18 01:39,230,0,1,5,5/8/18 19:26,6.223055556,1,pick,0
5/9/18 02:33,3,rat,5/9/18 02:33,5/9/18 02:39,10,1,0,5,5/8/18 19:26,7.122777778,1,bat_rat,0
5/9/18 02:34,2,fast,5/9/18 02:33,5/9/18 02:39,61,0,1,5,5/8/18 19:26,7.136944444,1,fast,0
5/9/18 02:35,1,fast,5/9/18 02:33,5/9/18 02:39,132,0,1,5,5/8/18 19:26,7.156666667,1,fast,0
5/9/18 02:35,4,pick,5/9/18 02:33,5/9/18 02:39,137,0,1,5,5/8/18 19:26,7.158055556,1,pick,0
5/9/18 02:35,5,pick,5/9/18 02:33,5/9/18 02:39,144,0,1,5,5/8/18 19:26,7.16,1,pick,0
5/9/18 02:38,21,pick,5/9/18 02:33,5/9/18 02:39,318,0,1,5,5/8/18 19:26,7.208333333,1,pick,0
5/9/18 02:39,7,pick,5/9/18 02:33,5/9/18 02:39,367,0,1,5,5/8/18 19:26,7.221944444,1,pick,0
5/9/18 02:39,23,pick,5/9/18 02:33,5/9/18 02:39,378,0,1,5,5/8/18 19:26,7.225,1,pick,0
5/9/18 03:23,1,fast,5/9/18 03:21,5/9/18 03:30,78,0,1,5,5/8/18 19:26,7.953888889,1,fast,0
5/9/18 03:29,8,rat,5/9/18 03:21,5/9/18 03:30,483,1,0,5,5/8/18 19:26,8.066388889,1,rat,0
5/9/18 03:30,8,rat,5/9/18 03:21,5/9/18 03:30,530,1,0,5,5/8/18 19:26,8.079444444,1,rat,0
5/1/18 21:28,1,fast,5/1/18 21:27,5/1/18 21:38,62,0,1,5,5/1/18 19:21,2.120277778,1,fast,0
5/1/18 21:34,1,fast,5/1/18 21:27,5/1/18 21:38,443,0,1,5,5/1/18 19:21,2.226111111,1,fast,0
5/1/18 22:11,4,other,5/1/18 22:06,5/1/18 22:11,275,0,0,5,5/1/18 19:21,2.833888889,1,pup_and_mon,0
5/1/18 23:12,23,pick,5/1/18 23:08,5/1/18 23:12,261,0,1,5,5/1/18 19:21,3.858611111,1,pick,0
5/1/18 23:56,10,pick,5/1/18 23:54,5/2/18 00:00,130,0,1,5,5/1/18 19:21,4.592777778,1,pick,0
5/2/18 00:47,2,pick,5/2/18 00:46,5/2/18 00:58,10,0,1,5,5/1/18 19:21,5.434166667,1,pick,0
5/2/18 00:47,19,rat,5/2/18 00:46,5/2/18 00:58,12,1,0,5,5/1/18 19:21,5.434722222,1,rat,0
5/2/18 00:49,1,fast,5/2/18 00:46,5/2/18 00:58,142,0,1,5,5/1/18 19:21,5.470833333,1,fast,0
5/2/18 00:50,106,pick,5/2/18 00:46,5/2/18 00:58,204,1,1,5,5/1/18 19:21,5.488055556,1,pick_eating_all,0
5/2/18 00:51,2,bat,5/2/18 00:46,5/2/18 00:58,253,1,0,5,5/1/18 19:21,5.501666667,1,bat_fight,1
5/2/18 00:51,6,rat,5/2/18 00:46,5/2/18 00:58,280,1,0,5,5/1/18 19:21,5.509166667,1,bat_and_rat,0
5/2/18 00:53,20,rat,5/2/18 00:46,5/2/18 00:58,396,1,1,5,5/1/18 19:21,5.541388889,1,pick_bat_rat,0
5/2/18 00:53,22,pick,5/2/18 00:46,5/2/18 00:58,408,0,1,5,5/1/18 19:21,5.544722222,1,pick,0
5/2/18 00:54,7,pick,5/2/18 00:46,5/2/18 00:58,433,0,1,5,5/1/18 19:21,5.551666667,1,pick,0
5/2/18 00:57,4,rat,5/2/18 00:46,5/2/18 00:58,627,1,0,5,5/1/18 19:21,5.605555556,1,rat,0
5/2/18 01:35,2,rat,5/2/18 01:34,5/2/18 01:36,99,1,0,5,5/1/18 19:21,6.248333333,1,rat,0
5/2/18 02:20,0.010871342,bat,5/2/18 02:14,5/2/18 02:24,404,1,0,5,5/1/18 19:21,6.995555556,1,bat,0
5/2/18 02:21,4,bat,5/2/18 02:14,5/2/18 02:24,449,1,0,5,5/1/18 19:21,7.008055556,1,bat,0
5/2/18 02:22,6,bat,5/2/18 02:14,5/2/18 02:24,481,1,0,5,5/1/18 19:21,7.016944444,1,bat,0
5/2/18 02:52,30,pick,5/2/18 02:45,5/2/18 02:52,394,0,1,5,5/1/18 19:21,7.519722222,1,pick,0
5/2/18 03:51,1,fast,5/2/18 03:50,5/2/18 03:51,23,0,1,5,5/1/18 19:21,8.5025,1,fast,0
5/2/18 04:22,23,rat,5/2/18 04:14,5/2/18 04:27,489,1,1,5,5/1/18 19:21,9.026111111,1,rat_pick,0
5/2/18 05:09,0.019932178,fast,5/2/18 05:07,5/2/18 05:10,110,0,1,5,5/1/18 19:21,9.813055556,1,fast,0
5/2/18 00:51,22,bat,5/2/18 00:46,5/2/18 00:58,296,1,0,5,5/1/18 19:21,5.513611111,1,bat_fight,1
5/2/18 02:16,443,pick,5/2/18 02:14,5/2/18 02:24,132,1,1,5,5/1/18 19:21,6.92,1,all_pick,0
5/2/18 02:22,7,bat,5/2/18 02:14,5/2/18 02:24,507,1,0,5,5/1/18 19:21,7.024166667,1,bat,0
5/8/18 01:03,4,rat,5/8/18 01:02,5/8/18 01:03,78,1,0,5,5/7/18 19:25,5.644166667,1,rat,0
5/8/18 02:33,2,fast,5/8/18 02:33,5/8/18 02:35,48,0,1,5,5/7/18 19:25,7.147777778,1,fast,0
5/8/18 02:35,7,pick,5/8/18 02:33,5/8/18 02:35,123,0,1,5,5/7/18 19:25,7.168611111,1,pick,0
5/8/18 02:35,5,rat,5/8/18 02:33,5/8/18 02:35,161,1,0,5,5/7/18 19:25,7.179166667,1,rat,0
5/10/18 03:13,3,fast,5/10/18 03:13,5/10/18 03:17,31,0,1,5,5/9/18 19:26,7.794166667,1,fast,0
5/10/18 04:44,3,rat,5/10/18 04:43,5/10/18 04:48,29,1,0,5,5/9/18 19:26,9.301111111,1,rat,0
5/10/18 04:44,44,rat,5/10/18 04:43,5/10/18 04:48,66,1,1,5,5/9/18 19:26,9.311388889,1,rat_and_pick,0
5/10/18 22:09,4,fast,5/10/18 22:08,5/10/18 22:13,15,0,1,5,5/10/18 19:27,2.702222222,1,fast,0
5/10/18 22:10,1,fast,5/10/18 22:08,5/10/18 22:13,105,0,1,5,5/10/18 19:27,2.727222222,1,fast,0
5/10/18 22:12,7,rat,5/10/18 22:08,5/10/18 22:13,218,1,0,5,5/10/18 19:27,2.758611111,1,rat,0
5/10/18 22:12,24,rat,5/10/18 22:08,5/10/18 22:13,228,1,0,5,5/10/18 19:27,2.761388889,1,rat,0
5/10/18 23:57,22,rat,5/10/18 23:55,5/11/18 00:02,87,1,0,5,5/10/18 19:27,4.505833333,1,rat,0
5/11/18 02:45,2,rat,5/11/18 02:35,5/11/18 02:47,627,1,0,5,5/10/18 19:27,7.314722222,1,rat,0
5/11/18 02:46,21,rat,5/11/18 02:35,5/11/18 02:47,670,1,1,5,5/10/18 19:27,7.326666667,1,pick_and_rat,0
5/11/18 02:47,8,rat,5/11/18 02:35,5/11/18 02:47,705,1,1,5,5/10/18 19:27,7.336388889,1,pick_and_rat,0
5/11/18 04:30,8,rat,5/11/18 04:25,5/11/18 04:36,331,1,0,5,5/10/18 19:27,9.059444444,1,rat,0
5/11/18 02:12,10,other,5/11/18 02:10,5/11/18 02:12,91,0,0,5,5/10/18 19:27,6.753888889,1,nan,0
17/5/18 22:46,1,fast,17/5/18 22:41,17/5/18 22:48,247,0,1,5,17/5/18 19:32,3.234444444,1,fast,0
17/5/18 22:46,9,rat,17/5/18 22:41,17/5/18 22:48,252,1,0,5,17/5/18 19:32,3.235833333,1,rat,0
17/5/18 22:48,4,rat,17/5/18 22:41,17/5/18 22:48,383,1,1,5,17/5/18 19:32,3.272222222,1,rat_pick,0
17/5/18 23:49,3,rat,17/5/18 23:49,17/5/18 23:58,28,1,0,5,17/5/18 19:32,4.299166667,1,bat_and_rat,0
17/5/18 23:50,1,rat,17/5/18 23:49,17/5/18 23:58,54,1,0,5,17/5/18 19:32,4.306388889,1,rat,0
17/5/18 23:55,11,rat,17/5/18 23:49,17/5/18 23:58,348,1,0,5,17/5/18 19:32,4.388055556,1,rat_bat,0
17/5/18 23:55,34,rat,17/5/18 23:49,17/5/18 23:58,378,1,0,5,17/5/18 19:32,4.396388889,1,rat,0
17/5/18 23:58,16,rat,17/5/18 23:49,17/5/18 23:58,529,1,1,5,17/5/18 19:32,4.438333333,1,rat_pick,0
18/5/18 05:04,1,other,18/5/18 05:03,18/5/18 05:04,23,0,0,5,17/5/18 19:32,9.5375,1,nan,0
21/5/18 23:19,83,bat,21/5/18 23:17,21/5/18 23:20,116,1,1,5,21/5/18 19:35,3.736111111,1,bat_pick,0
21/5/18 23:09,0.062303811,other,21/5/18 23:09,21/5/18 23:09,15,0,0,5,21/5/18 19:35,3.574166667,1,nan,0
19/5/18 22:08,31,rat,19/5/18 22:06,19/5/18 22:08,126,1,1,5,19/5/18 19:33,2.593888889,1,rat_pick,0
20/5/18 02:50,16,other,20/5/18 02:48,20/5/18 02:51,151,0,0,5,19/5/18 19:33,7.299722222,1,nan,0
20/5/18 21:52,8,rat,20/5/18 21:42,20/5/18 22:11,624,1,0,5,20/5/18 19:34,2.311111111,1,rat,0
21/5/18 00:56,35,rat,21/5/18 00:48,21/5/18 00:57,455,1,1,5,20/5/18 19:34,5.373888889,1,rat_pick,0
21/5/18 02:54,26,rat,21/5/18 02:49,21/5/18 02:57,271,1,1,5,20/5/18 19:34,7.338888889,1,rat_pick,0
21/5/18 02:57,43,rat,21/5/18 02:49,21/5/18 02:57,455,1,0,5,20/5/18 19:34,7.39,1,rat_bat_fight,1
21/5/18 00:49,1,other,21/5/18 00:48,21/5/18 00:57,21,0,0,5,20/5/18 19:34,5.253333333,1,nan,0
21/5/18 00:53,34,rat,21/5/18 00:48,21/5/18 00:57,300,1,0,5,20/5/18 19:34,5.330833333,1,fight_rat,1
21/5/18 02:54,7,other,21/5/18 02:49,21/5/18 02:57,306,0,0,5,20/5/18 19:34,7.348611111,1,nan,0
17/5/18 03:26,14,rat,17/5/18 03:24,17/5/18 03:26,111,1,0,5,16/5/18 19:31,7.918055556,1,rat,0
5/1/18 00:06,36,rat,5/1/18 00:06,5/1/18 00:09,0,1,0,5,30/4/18 19:20,4.769444444,1,bat_and_rat,0
5/1/18 00:06,4,fast,5/1/18 00:06,5/1/18 00:09,16,0,1,5,30/4/18 19:20,4.773888889,1,fast,0
5/1/18 00:06,19,bat,5/1/18 00:06,5/1/18 00:09,41,1,0,5,30/4/18 19:20,4.780833333,1,bat_fight,1
5/1/18 00:07,4,bat,5/1/18 00:06,5/1/18 00:09,50,1,0,5,30/4/18 19:20,4.783333333,1,bat_fight,1
5/1/18 00:08,14,rat,5/1/18 00:06,5/1/18 00:09,134,1,0,5,30/4/18 19:20,4.806666667,1,rat,0
5/1/18 00:09,29,bat,5/1/18 00:06,5/1/18 00:09,195,1,0,5,30/4/18 19:20,4.823611111,1,bat_fight,1
5/1/18 00:29,0.095162728,fast,5/1/18 00:28,5/1/18 00:44,11,0,1,5,30/4/18 19:20,5.150555556,1,fast,0
5/1/18 00:32,82,bat,5/1/18 00:28,5/1/18 00:44,199,1,1,5,30/4/18 19:20,5.202777778,1,eating_bat_pick,0
5/1/18 00:32,3,fast,5/1/18 00:28,5/1/18 00:44,241,0,1,5,30/4/18 19:20,5.214444444,1,fast,0
5/1/18 00:33,0.042360901,fast,5/1/18 00:28,5/1/18 00:44,250,0,1,5,30/4/18 19:20,5.216944444,1,fast,0
5/1/18 00:33,2,fast,5/1/18 00:28,5/1/18 00:44,271,0,1,5,30/4/18 19:20,5.222777778,1,fast,0
5/1/18 00:33,3,bat,5/1/18 00:28,5/1/18 00:44,276,1,0,5,30/4/18 19:20,5.224166667,1,bat,0
5/1/18 00:33,2,fast,5/1/18 00:28,5/1/18 00:44,304,0,1,5,30/4/18 19:20,5.231944444,1,fast,0
5/1/18 00:34,8,rat,5/1/18 00:28,5/1/18 00:44,352,1,0,5,30/4/18 19:20,5.245277778,1,bat_and_rat,0
5/1/18 00:37,104,rat,5/1/18 00:28,5/1/18 00:44,515,1,0,5,30/4/18 19:20,5.290555556,1,bat_and_rat,0
5/1/18 00:39,4,bat,5/1/18 00:28,5/1/18 00:44,649,1,0,5,30/4/18 19:20,5.327777778,1,bat,0
5/1/18 00:41,30,rat,5/1/18 00:28,5/1/18 00:44,733,1,0,5,30/4/18 19:20,5.351111111,1,rat,0
5/1/18 00:42,18,rat,5/1/18 00:28,5/1/18 00:44,819,1,0,5,30/4/18 19:20,5.375,1,rat,0
5/1/18 00:43,2,fast,5/1/18 00:28,5/1/18 00:44,889,0,1,5,30/4/18 19:20,5.394444444,1,fast,0
5/1/18 00:44,8,bat,5/1/18 00:28,5/1/18 00:44,932,1,0,5,30/4/18 19:20,5.406388889,1,bat_fight,1
5/1/18 00:44,52,bat,5/1/18 00:28,5/1/18 00:44,938,1,0,5,30/4/18 19:20,5.408055556,1,bat_fight,1
5/1/18 02:33,2,fast,5/1/18 02:33,5/1/18 02:37,1,0,1,5,30/4/18 19:20,7.231111111,1,fast,0
5/1/18 03:31,4,pick,5/1/18 03:24,5/1/18 03:33,386,0,1,5,30/4/18 19:20,8.188055556,1,pick,0
5/1/18 03:56,7,rat,5/1/18 03:52,5/1/18 03:59,257,1,0,5,30/4/18 19:20,8.608611111,1,rat,0
5/1/18 03:57,4,fast,5/1/18 03:52,5/1/18 03:59,295,0,1,5,30/4/18 19:20,8.619166667,1,fast,0
5/1/18 05:42,19,rat,5/1/18 05:40,5/1/18 05:43,125,1,1,5,30/4/18 19:20,10.37722222,1,pick_rat_and_bat,0
5/1/18 00:07,1,rat,5/1/18 00:06,5/1/18 00:09,62,1,0,5,30/4/18 19:20,4.786666667,1,rat,0
5/1/18 00:09,5,pick,5/1/18 00:06,5/1/18 00:09,210,0,1,5,30/4/18 19:20,4.827777778,1,pick,0
5/1/18 00:31,2,fast,5/1/18 00:28,5/1/18 00:44,177,0,1,5,30/4/18 19:20,5.196666667,1,fast,0
5/1/18 00:35,13,fast,5/1/18 00:28,5/1/18 00:44,377,0,1,5,30/4/18 19:20,5.252222222,1,fast,0
5/1/18 00:36,61,rat,5/1/18 00:28,5/1/18 00:44,458,1,0,5,30/4/18 19:20,5.274722222,1,rat,0
5/1/18 00:44,1,fast,5/1/18 00:28,5/1/18 00:44,915,0,1,5,30/4/18 19:20,5.401666667,1,fast,0
5/1/18 00:44,40,bat,5/1/18 00:28,5/1/18 00:44,918,1,0,5,30/4/18 19:20,5.4025,1,fight_bat,1
13/5/18 22:40,8,rat,13/5/18 22:38,13/5/18 22:40,118,1,1,5,13/5/18 19:29,3.194166667,1,rat_pick,0
14/5/18 01:24,26,bat,14/5/18 01:16,14/5/18 01:30,482,1,0,5,13/5/18 19:29,5.929166667,1,bat,0
14/5/18 05:42,4,bat,14/5/18 05:41,14/5/18 05:43,11,1,0,5,13/5/18 19:29,10.21861111,1,bat,0
14/5/18 03:36,14,fast,14/5/18 03:34,14/5/18 03:45,140,0,1,5,13/5/18 19:29,8.131944444,1,fast,0
5/2/18 19:52,3,rat,5/2/18 19:52,5/2/18 19:55,9,1,0,5,5/2/18 19:21,0.530555556,1,rat,0
5/2/18 19:53,1,rat,5/2/18 19:52,5/2/18 19:55,51,1,0,5,5/2/18 19:21,0.542222222,1,rat,0
5/2/18 19:55,1,rat,5/2/18 19:52,5/2/18 19:55,146,1,0,5,5/2/18 19:21,0.568611111,1,rat,0
5/2/18 21:01,18,pick,5/2/18 20:59,5/2/18 21:06,89,0,1,5,5/2/18 19:21,1.670555556,1,pick,0
5/2/18 21:01,1,rat,5/2/18 20:59,5/2/18 21:06,124,1,0,5,5/2/18 19:21,1.680277778,1,rat,0
5/2/18 21:05,4,rat,5/2/18 20:59,5/2/18 21:06,317,1,0,5,5/2/18 19:21,1.733888889,1,rat,0
5/2/18 22:00,29,pick,5/2/18 21:54,5/2/18 22:01,348,0,1,5,5/2/18 19:21,2.652222222,1,pick,0
5/2/18 22:56,1,fast,5/2/18 22:51,5/2/18 22:57,293,0,1,5,5/2/18 19:21,3.592777778,1,fast,0
5/2/18 23:13,16,rat,5/2/18 23:13,5/2/18 23:20,5,1,1,5,5/2/18 19:21,3.868611111,1,rat_and_pick,0
5/2/18 23:20,2,other,5/2/18 23:13,5/2/18 23:20,448,0,0,5,5/2/18 19:21,3.991666667,1,no_food,0
5/2/18 23:20,1,fast,5/2/18 23:13,5/2/18 23:20,451,0,1,5,5/2/18 19:21,3.9925,1,fast,0
5/2/18 23:59,56,pick,5/2/18 23:53,5/3/18 00:02,379,0,1,5,5/2/18 19:21,4.643055556,1,pick,0
5/3/18 03:29,13,rat,5/3/18 03:21,5/3/18 03:33,453,1,0,5,5/2/18 19:21,8.133333333,1,rat,0
5/3/18 03:30,1,rat,5/3/18 03:21,5/3/18 03:33,566,1,0,5,5/2/18 19:21,8.164722222,1,rat_and_bat,0
5/3/18 03:31,1,fast,5/3/18 03:21,5/3/18 03:33,625,0,1,5,5/2/18 19:21,8.181111111,1,fast,0
5/3/18 03:51,20,rat,5/3/18 03:48,5/3/18 03:53,137,1,0,5,5/2/18 19:21,8.500833333,1,rat,0
5/5/18 21:59,14,rat,5/5/18 21:55,5/5/18 22:09,264,1,0,5,5/5/18 19:24,2.595833333,1,rat,0
5/5/18 22:49,15,rat,5/5/18 22:48,5/5/18 22:49,90,1,0,5,5/5/18 19:24,3.425555556,1,rat,0
5/5/18 22:55,23,rat,5/5/18 22:54,5/5/18 23:00,44,1,0,5,5/5/18 19:24,3.522777778,1,rat,0
5/5/18 23:26,1,fast,5/5/18 23:25,5/5/18 23:26,62,0,1,5,5/5/18 19:24,4.048888889,1,fast,0
5/6/18 01:58,1,rat,5/6/18 01:56,5/6/18 02:10,116,1,0,5,5/5/18 19:24,6.581111111,1,rat,0
5/6/18 01:58,3,rat,5/6/18 01:56,5/6/18 02:10,118,1,0,5,5/5/18 19:24,6.581666667,1,rat,0
5/6/18 02:00,16,bat,5/6/18 01:56,5/6/18 02:10,202,1,0,5,5/5/18 19:24,6.605,1,bat_fight,1
5/6/18 02:00,27,rat,5/6/18 01:56,5/6/18 02:10,210,1,0,5,5/5/18 19:24,6.607222222,1,bat_fight_and_rat,1
5/6/18 02:01,0.092315438,rat,5/6/18 01:56,5/6/18 02:10,270,1,0,5,5/5/18 19:24,6.623888889,1,rat,0
5/6/18 02:07,16,rat,5/6/18 01:56,5/6/18 02:10,657,1,0,5,5/5/18 19:24,6.731388889,1,rat,0
5/6/18 02:09,5,rat,5/6/18 01:56,5/6/18 02:10,783,1,0,5,5/5/18 19:24,6.766388889,1,rat,0
5/6/18 03:16,12,bat,5/6/18 03:10,5/6/18 03:16,377,1,1,5,5/5/18 19:24,7.871944444,1,pick_bat,0
5/6/18 03:39,1,fast,5/6/18 03:30,5/6/18 03:46,536,0,1,5,5/5/18 19:24,8.258055556,1,fast,0
5/6/18 03:39,1,rat,5/6/18 03:30,5/6/18 03:46,557,1,0,5,5/5/18 19:24,8.263888889,1,rat,0
5/6/18 03:40,2,fast,5/6/18 03:30,5/6/18 03:46,581,0,1,5,5/5/18 19:24,8.270555556,1,fast,0
5/6/18 03:42,12,rat,5/6/18 03:30,5/6/18 03:46,721,1,0,5,5/5/18 19:24,8.309444444,1,rat,0
5/6/18 03:42,1,fast,5/6/18 03:30,5/6/18 03:46,733,0,1,5,5/5/18 19:24,8.312777778,1,fast,0
5/6/18 03:42,3,fast,5/6/18 03:30,5/6/18 03:46,737,0,1,5,5/5/18 19:24,8.313888889,1,fast,0
5/6/18 03:43,50,rat,5/6/18 03:30,5/6/18 03:46,802,1,1,5,5/5/18 19:24,8.331944444,1,rat_pick,0
5/6/18 03:46,1,fast,5/6/18 03:30,5/6/18 03:46,935,0,1,5,5/5/18 19:24,8.368888889,1,fast,0
5/6/18 04:32,37,rat,5/6/18 04:29,5/6/18 04:32,188,1,0,5,5/5/18 19:24,9.138611111,1,rat_and_rat,0
5/6/18 05:07,1,fast,5/6/18 04:54,5/6/18 05:11,737,0,1,5,5/5/18 19:24,9.717222222,1,fast,0
5/6/18 05:07,5,rat,5/6/18 04:54,5/6/18 05:11,756,1,0,5,5/5/18 19:24,9.7225,1,rat,0
5/6/18 05:08,8,pick,5/6/18 04:54,5/6/18 05:11,808,0,1,5,5/5/18 19:24,9.736944444,1,pick,0
5/6/18 05:28,19,rat,5/6/18 05:26,5/6/18 05:28,91,1,0,5,5/5/18 19:24,10.07083333,1,rat,0
5/5/18 22:09,0.060691217,other,5/5/18 21:55,5/5/18 22:09,862,0,0,5,5/5/18 19:24,2.761944444,1,nan,0
5/6/18 03:42,0.0892831,other,5/6/18 03:30,5/6/18 03:46,729,0,0,5,5/5/18 19:24,8.311666667,1,nan,0
5/6/18 05:08,11,other,5/6/18 04:54,5/6/18 05:11,845,0,0,5,5/5/18 19:24,9.747222222,1,nan,0
5/6/18 05:09,18,other,5/6/18 04:54,5/6/18 05:11,861,0,0,5,5/5/18 19:24,9.751666667,1,nan,0
5/6/18 05:09,6,other,5/6/18 04:54,5/6/18 05:11,882,0,0,5,5/5/18 19:24,9.7575,1,nan,0
5/4/18 20:25,6,rat,5/4/18 20:24,5/4/18 20:25,54,1,0,5,5/4/18 19:23,1.044166667,1,rat,0
5/4/18 20:44,10,pick,5/4/18 20:39,5/4/18 21:04,275,0,1,5,5/4/18 19:23,1.353055556,1,pick,0
5/4/18 20:50,17,rat,5/4/18 20:39,5/4/18 21:04,645,1,1,5,5/4/18 19:23,1.455833333,1,pick_rat,0
5/4/18 22:26,33,rat,5/4/18 22:24,5/4/18 22:26,131,1,1,5,5/4/18 19:23,3.060555556,1,rat_pick,0
5/4/18 22:33,8,pick,5/4/18 22:32,5/4/18 22:34,28,0,1,5,5/4/18 19:23,3.172777778,1,pick,0
5/4/18 22:33,1,fast,5/4/18 22:32,5/4/18 22:34,43,0,1,5,5/4/18 19:23,3.176944444,1,fast,0
5/4/18 23:36,16,rat,5/4/18 23:33,5/4/18 23:36,167,1,0,5,5/4/18 19:23,4.226111111,1,rat,0
5/5/18 00:43,195,pick,5/5/18 00:41,5/5/18 00:43,107,0,1,5,5/4/18 19:23,5.337222222,1,pick,0
5/5/18 01:02,14,rat,5/5/18 00:50,5/5/18 01:11,695,1,0,5,5/4/18 19:23,5.658888889,1,rat,0
5/5/18 01:03,19,pick,5/5/18 00:50,5/5/18 01:11,766,0,1,5,5/4/18 19:23,5.678611111,1,pick,0
5/5/18 02:02,2,fast,5/5/18 02:02,5/5/18 02:07,13,0,1,5,5/4/18 19:23,6.658055556,1,fast,0
5/5/18 02:05,46,rat,5/5/18 02:02,5/5/18 02:07,172,1,1,5,5/4/18 19:23,6.702222222,1,rat_pick,0
5/5/18 02:06,2,fast,5/5/18 02:02,5/5/18 02:07,233,0,1,5,5/4/18 19:23,6.719166667,1,fast,0
5/5/18 02:46,1,fast,5/5/18 02:45,5/5/18 02:47,81,0,1,5,5/4/18 19:23,7.392222222,1,fast,0
5/5/18 03:25,1,rat,5/5/18 03:22,5/5/18 03:29,179,1,0,5,5/4/18 19:23,8.043888889,1,rat,0
5/5/18 03:26,18,rat,5/5/18 03:22,5/5/18 03:29,237,1,0,5,5/4/18 19:23,8.06,1,rat,0
5/5/18 03:49,35,pick,5/5/18 03:47,5/5/18 03:49,117,0,1,5,5/4/18 19:23,8.441944444,1,pick,0
5/5/18 04:40,38,rat,5/5/18 04:31,5/5/18 04:49,537,1,0,5,5/4/18 19:23,9.289166667,1,rat,0
5/3/18 20:18,2,rat,5/3/18 20:18,5/3/18 20:18,43,1,0,5,5/3/18 19:22,0.949166667,1,not_sure_rat,0
5/3/18 20:58,0.042337019,rat,5/3/18 20:57,5/3/18 21:07,40,1,0,5,5/3/18 19:22,1.61,1,rat,0
5/3/18 23:49,22,rat,5/3/18 23:46,5/3/18 23:52,200,1,1,5,5/3/18 19:22,4.460277778,1,rat_and_bat_and_pick,0
5/3/18 23:50,29,bat,5/3/18 23:46,5/3/18 23:52,260,1,0,5,5/3/18 19:22,4.476944444,1,bat,0
5/3/18 23:51,28,pick,5/3/18 23:46,5/3/18 23:52,326,0,1,5,5/3/18 19:22,4.495277778,1,pick,0
5/4/18 00:12,5,rat,5/4/18 00:09,5/4/18 00:30,153,1,0,5,5/3/18 19:22,4.833888889,1,rat,0
5/4/18 00:22,18,rat,5/4/18 00:09,5/4/18 00:30,764,1,0,5,5/3/18 19:22,5.003611111,1,rat,0
5/4/18 00:22,20,rat,5/4/18 00:09,5/4/18 00:30,774,1,0,5,5/3/18 19:22,5.006388889,1,rat,0
5/4/18 01:57,0.018395555,rat,5/4/18 01:57,5/4/18 02:07,9,1,0,5,5/3/18 19:22,6.598055556,1,rat,0
5/4/18 02:04,4,fast,5/4/18 01:57,5/4/18 02:07,385,0,1,5,5/3/18 19:22,6.7025,1,fast,0
5/4/18 02:06,11,bat,5/4/18 01:57,5/4/18 02:07,505,1,0,5,5/3/18 19:22,6.735833333,1,bat,0
5/4/18 02:06,4,fast,5/4/18 01:57,5/4/18 02:07,519,0,1,5,5/3/18 19:22,6.739722222,1,fast,0
5/4/18 02:06,10,pick,5/4/18 01:57,5/4/18 02:07,555,0,1,5,5/3/18 19:22,6.749722222,1,pick,0
5/4/18 02:57,36,bat,5/4/18 02:55,5/4/18 03:14,106,1,0,5,5/3/18 19:22,7.594722222,1,bat_fight,1
5/4/18 02:58,10,bat,5/4/18 02:55,5/4/18 03:14,142,1,0,5,5/3/18 19:22,7.604722222,1,bat_fight,1
5/4/18 02:58,76,pick,5/4/18 02:55,5/4/18 03:14,157,1,1,5,5/3/18 19:22,7.608888889,1,all_pick,0
5/4/18 02:58,1,fast,5/4/18 02:55,5/4/18 03:14,164,0,1,5,5/3/18 19:22,7.610833333,1,fast,0
5/4/18 03:00,5,pick,5/4/18 02:55,5/4/18 03:14,248,0,1,5,5/3/18 19:22,7.634166667,1,pick,0
5/4/18 03:02,67,pick,5/4/18 02:55,5/4/18 03:14,395,1,1,5,5/3/18 19:22,7.675,1,all_pick,0
5/4/18 03:03,45,rat,5/4/18 02:55,5/4/18 03:14,484,1,0,5,5/3/18 19:22,7.699722222,1,rat,0
5/4/18 03:05,0.062233499,fast,5/4/18 02:55,5/4/18 03:14,547,0,1,5,5/3/18 19:22,7.717222222,1,fast,0
5/4/18 03:05,6,bat,5/4/18 02:55,5/4/18 03:14,593,1,1,5,5/3/18 19:22,7.73,1,pick_bat,0
5/4/18 03:06,8,pick,5/4/18 02:55,5/4/18 03:14,620,0,1,5,5/3/18 19:22,7.7375,1,pick,0
5/4/18 03:06,5,rat,5/4/18 02:55,5/4/18 03:14,636,1,0,5,5/3/18 19:22,7.741944444,1,rat,0
5/4/18 03:09,8,rat,5/4/18 02:55,5/4/18 03:14,810,1,0,5,5/3/18 19:22,7.790277778,1,rat,0
5/4/18 03:20,4,rat,5/4/18 03:20,5/4/18 03:21,23,1,0,5,5/3/18 19:22,7.981388889,1,rat,0
5/4/18 04:18,2,rat,5/4/18 04:14,5/4/18 04:30,224,1,0,5,5/3/18 19:22,8.933333333,1,rat,0
5/4/18 04:18,1,fast,5/4/18 04:14,5/4/18 04:30,275,0,1,5,5/3/18 19:22,8.9475,1,fast,0
5/4/18 04:19,22,pick,5/4/18 04:14,5/4/18 04:30,310,0,1,5,5/3/18 19:22,8.957222222,1,pick,0
5/3/18 23:51,2,fast,5/3/18 23:46,5/3/18 23:52,339,0,1,5,5/3/18 19:22,4.498888889,1,fast,0
5/4/18 05:39,120,rat,5/4/18 05:37,5/4/18 06:10,143,1,1,5,5/3/18 19:22,10.2975,1,pick_rat,0