start_time,bat_landing_to_food,habit,rat_period_start,rat_period_end,seconds_after_rat_arrival,risk,reward,month,sunset_time,hours_after_sunset,season,habit_raw,fight,dataset,time,bat_landing_number,food_availability,rat_minutes,rat_arrival_number,rat_present
5/1/18 00:09,29.0,bat,5/1/18 00:06,5/1/18 00:09,195.0,1.0,0.0,1,30/4/18 19:20,4.823611111,0,bat_fight,1.0,dataset1,05/01/2018 00:09:00,,,,,
2018-02-12 20:24:00,,,,,,,,2,,3.0,0,,,dataset2,12/02/2018 20:24:00,61.0,3.0,0.0,0.0,0.0
2018-02-13 03:24:00,,,,,,,,2,,10.0,0,,,dataset2,13/02/2018 03:24:00,15.0,1.0,3.35,2.0,1.0
2018-02-18 19:59:00,,,,,,,,2,,2.5,0,,,dataset2,18/02/2018 19:59:00,50.0,3.766129032,1.25,1.0,1.0
2017-12-29 03:14:00,,,,,,,,0,,10.5,0,,,dataset2,29/12/2017 03:14:00,24.0,0.546875,0.0,0.0,0.0
2018-01-28 23:40:00,,,,,,,,1,,6.5,0,,,dataset2,28/01/2018 23:40:00,80.0,2.130730051,0.0,0.0,0.0
2018-01-01 17:17:00,,,,,,,,1,,0.5,0,,,dataset2,01/01/2018 17:17:00,12.0,4.0,0.0,0.0,0.0
2018-02-17 21:28:00,,,,,,,,2,,4.0,0,,,dataset2,17/02/2018 21:28:00,71.0,3.0,0.0,0.0,0.0
2018-01-10 03:53:00,,,,,,,,1,,11.0,0,,,dataset2,10/01/2018 03:53:00,18.0,2.851612903,8.566666667,1.0,1.0
2018-02-03 22:16:00,,,,,,,,2,,5.0,0,,,dataset2,03/02/2018 22:16:00,64.0,1.0,0.0,0.0,0.0
2017-12-29 18:45:00,,,,,,,,0,,2.0,0,,,dataset2,29/12/2017 18:45:00,19.0,3.949388209,0.0,0.0,0.0
2017-12-27 03:13:00,,,,,,,,0,,10.5,0,,,dataset2,27/12/2017 03:13:00,14.0,0.0,0.0,0.0,0.0
2017-12-29 02:14:00,,,,,,,,0,,9.5,0,,,dataset2,29/12/2017 02:14:00,25.0,1.0,0.0,0.0,0.0
2018-01-06 05:20:00,,,,,,,,1,,12.5,0,,,dataset2,06/01/2018 05:20:00,5.0,1.0,0.0,0.0,0.0
2018-02-02 01:14:00,,,,,,,,2,,8.0,0,,,dataset2,02/02/2018 01:14:00,51.0,0.533333333,0.0,0.0,0.0
2018-01-03 18:18:00,,,,,,,,1,,1.5,0,,,dataset2,03/01/2018 18:18:00,24.0,4.0,0.0,0.0,0.0
2018-01-28 05:39:00,,,,,,,,1,,12.5,0,,,dataset2,28/01/2018 05:39:00,1.0,0.0,9.466666667,1.0,1.0
2/2/18 00:44,1.0,rat,2/2/18 00:40,2/2/18 00:44,239.0,1.0,0.0,2,2/1/18 17:14,7.505,0,rat,0.0,dataset1,02/02/2018 00:44:00,,,,,
5/1/18 00:07,1.0,rat,5/1/18 00:06,5/1/18 00:09,62.0,1.0,0.0,1,30/4/18 19:20,4.786666667,0,rat,0.0,dataset1,05/01/2018 00:07:00,,,,,
2018-01-09 21:53:00,,,,,,,,1,,5.0,0,,,dataset2,09/01/2018 21:53:00,34.0,4.0,0.0,0.0,0.0
2018-01-04 03:18:00,,,,,,,,1,,10.5,0,,,dataset2,04/01/2018 03:18:00,16.0,1.0,0.0,0.0,0.0
14/2/18 22:08,2.0,rat,14/2/18 22:04,14/2/18 22:12,259.0,1.0,0.0,2,14/2/18 17:26,4.706388889,0,rat,0.0,dataset1,14/02/2018 22:08:00,,,,,
2018-02-09 06:20:00,,,,,,,,2,,13.0,0,,,dataset2,09/02/2018 06:20:00,2.0,0.0,1.45,1.0,1.0
28/1/18 20:05,1.0,rat,28/1/18 19:56,28/1/18 20:10,583.0,1.0,0.0,1,28/1/18 17:10,2.930277778,0,rat,0.0,dataset1,28/01/2018 20:05:00,,,,,
5/1/18 05:42,19.0,rat,5/1/18 05:40,5/1/18 05:43,125.0,1.0,1.0,1,30/4/18 19:20,10.37722222,0,pick_rat_and_bat,0.0,dataset1,05/01/2018 05:42:00,,,,,
5/2/18 02:22,6.0,bat,5/2/18 02:14,5/2/18 02:24,481.0,1.0,0.0,2,5/1/18 19:21,7.016944444,0,bat,0.0,dataset1,05/02/2018 02:22:00,,,,,
2017-12-31 18:46:00,,,,,,,,0,,2.0,0,,,dataset2,31/12/2017 18:46:00,31.0,3.094413847,0.0,0.0,0.0
2018-02-14 20:56:00,,,,,,,,2,,3.5,0,,,dataset2,14/02/2018 20:56:00,54.0,2.83358935,0.0,0.0,0.0
2018-02-18 03:28:00,,,,,,,,2,,10.0,0,,,dataset2,18/02/2018 03:28:00,38.0,0.298245614,0.0,0.0,0.0
2018-02-07 17:19:00,,,,,,,,2,,0.0,0,,,dataset2,07/02/2018 17:19:00,17.0,4.0,0.0,0.0,0.0
2018-02-08 19:50:00,,,,,,,,2,,2.5,0,,,dataset2,08/02/2018 19:50:00,50.0,3.913412564,0.0,0.0,0.0
2018-02-04 21:17:00,,,,,,,,2,,4.0,0,,,dataset2,04/02/2018 21:17:00,65.0,3.0,0.0,0.0,0.0
2018-01-28 17:40:00,,,,,,,,1,,0.5,0,,,dataset2,28/01/2018 17:40:00,15.0,4.0,0.0,0.0,0.0
2017-12-30 21:15:00,,,,,,,,0,,4.5,0,,,dataset2,30/12/2017 21:15:00,25.0,3.0,0.0,0.0,0.0
2018-01-08 22:52:00,,,,,,,,1,,6.0,0,,,dataset2,08/01/2018 22:52:00,35.0,2.890738814,0.0,0.0,0.0
31/1/18 19:44,3.0,rat,31/1/18 19:41,31/1/18 19:45,195.0,1.0,0.0,1,31/1/18 17:13,2.522777778,0,rat,0.0,dataset1,31/01/2018 19:44:00,,,,,
2018-01-02 00:47:00,,,,,,,,1,,8.0,0,,,dataset2,02/01/2018 00:47:00,23.0,2.0,0.0,0.0,0.0
5/2/18 21:05,4.0,rat,5/2/18 20:59,5/2/18 21:06,317.0,1.0,0.0,2,5/2/18 19:21,1.733888889,0,rat,0.0,dataset1,05/02/2018 21:05:00,,,,,
28/1/18 20:06,2.0,fast,28/1/18 19:56,28/1/18 20:10,627.0,0.0,1.0,1,28/1/18 17:10,2.9425,0,fast,0.0,dataset1,28/01/2018 20:06:00,,,,,
2018-02-13 05:54:00,,,,,,,,2,,12.5,0,,,dataset2,13/02/2018 05:54:00,4.0,0.0,0.0,0.0,0.0
4/2/18 22:04,10.0,rat,4/2/18 21:58,4/2/18 22:09,381.0,1.0,0.0,2,4/2/18 19:01,3.06,0,rat,0.0,dataset1,04/02/2018 22:04:00,,,,,
2018-02-13 01:54:00,,,,,,,,2,,8.5,0,,,dataset2,13/02/2018 01:54:00,36.0,1.01188455,0.0,0.0,0.0
2018-01-29 03:10:00,,,,,,,,1,,10.0,0,,,dataset2,29/01/2018 03:10:00,40.0,0.596774194,0.0,0.0,0.0
2018-02-14 19:56:00,,,,,,,,2,,2.5,0,,,dataset2,14/02/2018 19:56:00,47.0,3.022332506,0.0,0.0,0.0
20/2/18 03:10,1.0,rat,20/2/18 03:10,20/2/18 03:11,17.0,1.0,0.0,2,19/2/18 17:30,9.676111111,0,rat,0.0,dataset1,20/02/2018 03:10:00,,,,,
2018-01-01 02:16:00,,,,,,,,1,,9.5,0,,,dataset2,01/01/2018 02:16:00,27.0,1.483333333,0.0,0.0,0.0
2018-01-02 00:17:00,,,,,,,,1,,7.5,0,,,dataset2,02/01/2018 00:17:00,39.0,2.0,0.0,0.0,0.0
2017-12-28 04:13:00,,,,,,,,0,,11.5,0,,,dataset2,28/12/2017 04:13:00,11.0,0.730769231,0.883333333,1.0,1.0
2018-01-05 23:20:00,,,,,,,,1,,6.5,0,,,dataset2,05/01/2018 23:20:00,54.0,3.002977667,0.0,0.0,0.0
2017-12-28 19:44:00,,,,,,,,0,,3.0,0,,,dataset2,28/12/2017 19:44:00,23.0,3.07696661,2.5,1.0,1.0
2018-02-15 22:56:00,,,,,,,,2,,5.5,0,,,dataset2,15/02/2018 22:56:00,70.0,2.014568158,0.0,0.0,0.0
2018-02-11 19:53:00,,,,,,,,2,,2.5,0,,,dataset2,11/02/2018 19:53:00,56.0,3.026392962,0.0,0.0,0.0
2018-02-09 05:50:00,,,,,,,,2,,12.5,0,,,dataset2,09/02/2018 05:50:00,2.0,0.0,0.45,1.0,1.0
2018-02-12 20:54:00,,,,,,,,2,,3.5,0,,,dataset2,12/02/2018 20:54:00,44.0,3.0,0.0,0.0,0.0
2018-01-09 05:22:00,,,,,,,,1,,12.5,0,,,dataset2,09/01/2018 05:22:00,4.0,1.0,0.0,0.0,0.0
4/2/18 23:45,1.0,fast,4/2/18 23:42,4/2/18 23:48,177.0,0.0,1.0,2,4/2/18 19:01,4.735,0,fast,0.0,dataset1,04/02/2018 23:45:00,,,,,
2018-01-09 21:23:00,,,,,,,,1,,4.5,0,,,dataset2,09/01/2018 21:23:00,36.0,4.0,0.0,0.0,0.0
2018-02-15 00:26:00,,,,,,,,2,,7.0,0,,,dataset2,15/02/2018 00:26:00,32.0,1.0,0.0,0.0,0.0
2018-01-30 21:12:00,,,,,,,,1,,4.0,0,,,dataset2,30/01/2018 21:12:00,92.0,3.0,0.0,0.0,0.0
2/11/18 01:54,0.04438061,rat,2/11/18 01:52,2/11/18 01:58,105.0,1.0,0.0,2,2/10/18 17:22,8.544444444,0,rat,0.0,dataset1,02/11/2018 01:54:00,,,,,
2018-02-01 21:14:00,,,,,,,,2,,4.0,0,,,dataset2,01/02/2018 21:14:00,65.0,3.0,0.0,0.0,0.0
2018-02-18 18:29:00,,,,,,,,2,,1.0,0,,,dataset2,18/02/2018 18:29:00,30.0,4.0,0.0,0.0,0.0
2018-01-28 17:10:00,,,,,,,,1,,0.0,0,,,dataset2,28/01/2018 17:10:00,7.0,4.0,0.0,0.0,0.0
2018-01-09 04:22:00,,,,,,,,1,,11.5,0,,,dataset2,09/01/2018 04:22:00,14.0,1.0,0.0,0.0,0.0
2018-01-09 19:53:00,,,,,,,,1,,3.0,0,,,dataset2,09/01/2018 19:53:00,42.0,4.0,0.0,0.0,0.0
2018-01-08 22:22:00,,,,,,,,1,,5.5,0,,,dataset2,08/01/2018 22:22:00,14.0,3.0,0.0,0.0,0.0
2017-12-30 00:15:00,,,,,,,,0,,7.5,0,,,dataset2,30/12/2017 00:15:00,42.0,2.53125,0.0,0.0,0.0
2018-02-16 18:27:00,,,,,,,,2,,1.0,0,,,dataset2,16/02/2018 18:27:00,17.0,4.0,0.0,0.0,0.0
2018-02-02 02:14:00,,,,,,,,2,,9.0,0,,,dataset2,02/02/2018 02:14:00,29.0,0.0,0.0,0.0,0.0
2018-02-10 02:21:00,,,,,,,,2,,9.0,0,,,dataset2,10/02/2018 02:21:00,43.0,1.0,0.0,0.0,0.0
4/2/18 23:46,3.0,rat,4/2/18 23:42,4/2/18 23:48,262.0,1.0,0.0,2,4/2/18 19:01,4.758611111,0,rat,0.0,dataset1,04/02/2018 23:46:00,,,,,
5/2/18 00:51,22.0,bat,5/2/18 00:46,5/2/18 00:58,296.0,1.0,0.0,2,5/1/18 19:21,5.513611111,0,bat_fight,1.0,dataset1,05/02/2018 00:51:00,,,,,
2018-01-06 01:50:00,,,,,,,,1,,9.0,0,,,dataset2,06/01/2018 01:50:00,37.0,2.0,0.0,0.0,0.0
2/10/18 00:44,7.0,bat,2/10/18 00:43,2/10/18 00:45,61.0,1.0,0.0,2,2/9/18 17:21,7.386111111,0,bat,0.0,dataset1,02/10/2018 00:44:00,,,,,
5/2/18 02:21,4.0,bat,5/2/18 02:14,5/2/18 02:24,449.0,1.0,0.0,2,5/1/18 19:21,7.008055556,0,bat,0.0,dataset1,05/02/2018 02:21:00,,,,,
2017-12-28 00:43:00,,,,,,,,0,,8.0,0,,,dataset2,28/12/2017 00:43:00,34.0,1.953405018,4.166666667,1.0,1.0
2017-12-30 22:45:00,,,,,,,,0,,6.0,0,,,dataset2,30/12/2017 22:45:00,41.0,3.0,0.0,0.0,0.0
16/2/18 22:22,0.07570842,rat,16/2/18 22:18,16/2/18 22:22,250.0,1.0,0.0,2,16/2/18 17:27,4.922777778,0,rat_attack,0.0,dataset1,16/02/2018 22:22:00,,,,,
2018-02-11 00:22:00,,,,,,,,2,,7.0,0,,,dataset2,11/02/2018 00:22:00,70.0,1.4,1.566666667,1.0,1.0
2017-12-28 21:14:00,,,,,,,,0,,4.5,0,,,dataset2,28/12/2017 21:14:00,50.0,3.0,0.0,0.0,0.0
26/12/17 20:57,5.0,other,26/12/17 20:53,26/12/17 20:58,199.0,0.0,0.0,0,26/12/17 16:43,4.2375,0,,0.0,dataset1,26/12/2017 20:57:00,,,,,
2/7/18 18:32,1.0,rat,2/7/18 18:29,2/7/18 18:44,166.0,1.0,0.0,2,2/7/18 17:19,1.225277778,0,rat,0.0,dataset1,02/07/2018 18:32:00,,,,,
2018-02-09 04:20:00,,,,,,,,2,,11.0,0,,,dataset2,09/02/2018 04:20:00,21.0,1.0,0.0,0.0,0.0
2017-12-30 23:45:00,,,,,,,,0,,7.0,0,,,dataset2,30/12/2017 23:45:00,31.0,2.943548387,0.0,0.0,0.0
2018-02-08 17:20:00,,,,,,,,2,,0.0,0,,,dataset2,08/02/2018 17:20:00,36.0,4.0,0.0,0.0,0.0
5/1/18 21:28,1.0,fast,5/1/18 21:27,5/1/18 21:38,62.0,0.0,1.0,1,5/1/18 19:21,2.120277778,0,fast,0.0,dataset1,05/01/2018 21:28:00,,,,,
2018-02-10 20:22:00,,,,,,,,2,,3.0,0,,,dataset2,10/02/2018 20:22:00,75.0,3.412698413,0.0,0.0,0.0
2018-01-03 19:18:00,,,,,,,,1,,2.5,0,,,dataset2,03/01/2018 19:18:00,11.0,3.629213483,0.0,0.0,0.0
2018-02-11 22:23:00,,,,,,,,2,,5.0,0,,,dataset2,11/02/2018 22:23:00,66.0,2.40625,0.0,0.0,0.0
2017-12-30 03:15:00,,,,,,,,0,,10.5,0,,,dataset2,30/12/2017 03:15:00,23.0,1.0,0.0,0.0,0.0
2018-01-28 03:39:00,,,,,,,,1,,10.5,0,,,dataset2,28/01/2018 03:39:00,23.0,1.0,0.516666667,1.0,1.0
2/8/18 02:07,7.0,rat,2/8/18 02:05,2/8/18 02:09,99.0,1.0,0.0,2,2/7/18 17:19,8.803888889,0,rat,0.0,dataset1,02/08/2018 02:07:00,,,,,
5/1/18 00:43,2.0,fast,5/1/18 00:28,5/1/18 00:44,889.0,0.0,1.0,1,30/4/18 19:20,5.394444444,0,fast,0.0,dataset1,05/01/2018 00:43:00,,,,,
2018-01-10 00:53:00,,,,,,,,1,,8.0,0,,,dataset2,10/01/2018 00:53:00,40.0,3.877842411,0.0,0.0,0.0
5/1/18 00:41,30.0,rat,5/1/18 00:28,5/1/18 00:44,733.0,1.0,0.0,1,30/4/18 19:20,5.351111111,0,rat,0.0,dataset1,05/01/2018 00:41:00,,,,,
15/2/18 18:52,6.0,pick,15/2/18 18:49,15/2/18 18:55,201.0,0.0,1.0,2,15/2/18 17:26,1.446388889,0,pick,0.0,dataset1,15/02/2018 18:52:00,,,,,
2018-02-11 22:53:00,,,,,,,,2,,5.5,0,,,dataset2,11/02/2018 22:53:00,76.0,2.033266129,0.0,0.0,0.0
2018-02-17 19:58:00,,,,,,,,2,,2.5,0,,,dataset2,17/02/2018 19:58:00,63.0,3.005288207,0.0,0.0,0.0
2018-02-03 19:16:00,,,,,,,,2,,2.0,0,,,dataset2,03/02/2018 19:16:00,65.0,3.0,0.0,0.0,0.0
2018-02-10 18:22:00,,,,,,,,2,,1.0,0,,,dataset2,10/02/2018 18:22:00,49.0,4.0,0.0,0.0,0.0
2018-02-09 02:20:00,,,,,,,,2,,9.0,0,,,dataset2,09/02/2018 02:20:00,31.0,1.426229508,0.0,0.0,0.0
2017-12-30 01:15:00,,,,,,,,0,,8.5,0,,,dataset2,30/12/2017 01:15:00,47.0,1.535714286,0.0,0.0,0.0
2018-02-14 23:56:00,,,,,,,,2,,6.5,0,,,dataset2,14/02/2018 23:56:00,76.0,1.005760369,0.0,0.0,0.0
2018-02-16 17:27:00,,,,,,,,2,,0.0,0,,,dataset2,16/02/2018 17:27:00,10.0,4.0,0.0,0.0,0.0
2/10/18 00:44,21.0,bat,2/10/18 00:43,2/10/18 00:45,65.0,1.0,1.0,2,2/9/18 17:21,7.387222222,0,pick_bat,0.0,dataset1,02/10/2018 00:44:00,,,,,
2018-02-13 22:25:00,,,,,,,,2,,5.0,0,,,dataset2,13/02/2018 22:25:00,68.0,2.365079365,0.0,0.0,0.0
2017-12-29 21:15:00,,,,,,,,0,,4.5,0,,,dataset2,29/12/2017 21:15:00,56.0,3.0,0.0,0.0,0.0
2018-02-16 20:57:00,,,,,,,,2,,3.5,0,,,dataset2,16/02/2018 20:57:00,58.0,3.005288207,0.0,0.0,0.0
2018-02-07 22:19:00,,,,,,,,2,,5.0,0,,,dataset2,07/02/2018 22:19:00,81.0,2.482758621,0.0,0.0,0.0
2017-12-28 22:14:00,,,,,,,,0,,5.5,0,,,dataset2,28/12/2017 22:14:00,57.0,2.540983607,0.0,0.0,0.0
2018-01-31 23:13:00,,,,,,,,1,,6.0,0,,,dataset2,31/01/2018 23:13:00,102.0,1.557377049,0.0,0.0,0.0
14/2/18 22:05,1.0,rat,14/2/18 22:04,14/2/18 22:12,89.0,1.0,0.0,2,14/2/18 17:26,4.659166667,0,rat,0.0,dataset1,14/02/2018 22:05:00,,,,,
2018-02-15 03:26:00,,,,,,,,2,,10.0,0,,,dataset2,15/02/2018 03:26:00,8.0,0.0,0.0,0.0,0.0
2017-12-29 00:44:00,,,,,,,,0,,8.0,0,,,dataset2,29/12/2017 00:44:00,38.0,1.951075269,0.0,0.0,0.0
5/1/18 00:44,40.0,bat,5/1/18 00:28,5/1/18 00:44,918.0,1.0,0.0,1,30/4/18 19:20,5.4025,0,fight_bat,1.0,dataset1,05/01/2018 00:44:00,,,,,
2018-01-04 19:49:00,,,,,,,,1,,3.0,0,,,dataset2,04/01/2018 19:49:00,41.0,3.0,0.0,0.0,0.0
2018-02-16 20:27:00,,,,,,,,2,,3.0,0,,,dataset2,16/02/2018 20:27:00,45.0,3.31147541,0.0,0.0,0.0
2/9/18 00:26,17.0,pick,2/9/18 00:26,2/9/18 00:32,2.0,0.0,1.0,2,2/8/18 17:20,7.114722222,0,pick,0.0,dataset1,02/09/2018 00:26:00,,,,,
2018-02-02 18:15:00,,,,,,,,2,,1.0,0,,,dataset2,02/02/2018 18:15:00,46.0,4.0,0.133333333,1.0,1.0
2018-02-07 20:49:00,,,,,,,,2,,3.5,0,,,dataset2,07/02/2018 20:49:00,64.0,3.047346514,0.0,0.0,0.0
2017-12-27 19:43:00,,,,,,,,0,,3.0,0,,,dataset2,27/12/2017 19:43:00,73.0,3.102150538,0.0,0.0,0.0
2017-12-27 02:43:00,,,,,,,,0,,10.0,0,,,dataset2,27/12/2017 02:43:00,15.0,0.0,0.0,0.0,0.0
2018-02-14 17:56:00,,,,,,,,2,,0.5,0,,,dataset2,14/02/2018 17:56:00,11.0,4.0,0.0,0.0,0.0
2018-01-09 19:23:00,,,,,,,,1,,2.5,0,,,dataset2,09/01/2018 19:23:00,12.0,4.0,0.0,0.0,0.0
2017-12-31 23:46:00,,,,,,,,0,,7.0,0,,,dataset2,31/12/2017 23:46:00,45.0,2.056451613,0.0,0.0,0.0
2018-01-29 02:40:00,,,,,,,,1,,9.5,0,,,dataset2,29/01/2018 02:40:00,50.0,0.971383975,0.0,0.0,0.0
2017-12-28 03:13:00,,,,,,,,0,,10.5,0,,,dataset2,28/12/2017 03:13:00,21.0,1.0,0.0,0.0,0.0
2017-12-26 23:43:00,,,,,,,,0,,7.0,0,,,dataset2,26/12/2017 23:43:00,44.0,1.049289229,0.0,0.0,0.0
2018-01-04 21:19:00,,,,,,,,1,,4.5,0,,,dataset2,04/01/2018 21:19:00,60.0,2.433333333,0.0,0.0,0.0
2018-02-03 23:16:00,,,,,,,,2,,6.0,0,,,dataset2,03/02/2018 23:16:00,45.0,0.0,0.0,0.0,0.0
2018-02-01 19:44:00,,,,,,,,2,,2.5,0,,,dataset2,01/02/2018 19:44:00,43.0,3.090428345,0.0,0.0,0.0
2018-02-11 18:53:00,,,,,,,,2,,1.5,0,,,dataset2,11/02/2018 18:53:00,56.0,3.920234604,0.0,0.0,0.0
2018-02-17 18:28:00,,,,,,,,2,,1.0,0,,,dataset2,17/02/2018 18:28:00,40.0,4.0,0.0,0.0,0.0
2017-12-26 18:13:00,,,,,,,,0,,1.5,0,,,dataset2,26/12/2017 18:13:00,44.0,3.753856942,0.0,0.0,0.0
2018-02-02 22:45:00,,,,,,,,2,,5.5,0,,,dataset2,02/02/2018 22:45:00,23.0,0.198630137,5.816666667,1.0,1.0
2018-01-03 20:48:00,,,,,,,,1,,4.0,0,,,dataset2,03/01/2018 20:48:00,16.0,3.0,0.0,0.0,0.0
27/1/18 23:45,8.0,rat,27/1/18 23:44,27/1/18 23:50,84.0,1.0,0.0,1,27/1/18 17:09,6.611111111,0,rat,0.0,dataset1,27/01/2018 23:45:00,,,,,
2/9/18 00:29,1.0,rat,2/9/18 00:26,2/9/18 00:32,154.0,1.0,0.0,2,2/8/18 17:20,7.156944444,0,rat,0.0,dataset1,02/09/2018 00:29:00,,,,,
28/1/18 19:58,1.0,rat,28/1/18 19:56,28/1/18 20:10,162.0,1.0,0.0,1,28/1/18 17:10,2.813333333,0,rat,0.0,dataset1,28/01/2018 19:58:00,,,,,
2018-01-02 05:47:00,,,,,,,,1,,13.0,0,,,dataset2,02/01/2018 05:47:00,5.0,0.0,0.0,0.0,0.0
28/12/17 04:11,1.0,other,28/12/17 03:56,28/12/17 04:13,852.0,0.0,0.0,0,27/12/17 16:43,11.46972222,0,,0.0,dataset1,28/12/2017 04:11:00,,,,,
2017-12-28 17:44:00,,,,,,,,0,,1.0,0,,,dataset2,28/12/2017 17:44:00,23.0,4.0,0.0,0.0,0.0
2018-01-09 23:53:00,,,,,,,,1,,7.0,0,,,dataset2,09/01/2018 23:53:00,35.0,4.0,0.0,0.0,0.0
2018-02-01 18:44:00,,,,,,,,2,,1.5,0,,,dataset2,01/02/2018 18:44:00,48.0,3.951877314,0.0,0.0,0.0
2017-12-29 20:45:00,,,,,,,,0,,4.0,0,,,dataset2,29/12/2017 20:45:00,67.0,3.0,0.0,0.0,0.0
2018-01-30 23:12:00,,,,,,,,1,,6.0,0,,,dataset2,30/01/2018 23:12:00,84.0,2.0,0.0,0.0,0.0
5/1/18 23:56,10.0,pick,5/1/18 23:54,5/2/18 00:00,130.0,0.0,1.0,1,5/1/18 19:21,4.592777778,0,pick,0.0,dataset1,05/01/2018 23:56:00,,,,,
2018-01-01 21:17:00,,,,,,,,1,,4.5,0,,,dataset2,01/01/2018 21:17:00,42.0,3.0,0.0,0.0,0.0
28/1/18 20:09,3.0,rat,28/1/18 19:56,28/1/18 20:10,824.0,1.0,0.0,1,28/1/18 17:10,2.997222222,0,rat,0.0,dataset1,28/01/2018 20:09:00,,,,,
2/10/18 00:44,3.0,fast,2/10/18 00:43,2/10/18 00:45,96.0,0.0,1.0,2,2/9/18 17:21,7.395833333,0,fast,0.0,dataset1,02/10/2018 00:44:00,,,,,
2018-02-09 02:50:00,,,,,,,,2,,9.5,0,,,dataset2,09/02/2018 02:50:00,31.0,1.034902168,0.0,0.0,0.0
2018-02-09 17:21:00,,,,,,,,2,,0.0,0,,,dataset2,09/02/2018 17:21:00,8.0,4.0,0.0,0.0,0.0
5/2/18 23:20,1.0,fast,5/2/18 23:13,5/2/18 23:20,451.0,0.0,1.0,2,5/2/18 19:21,3.9925,0,fast,0.0,dataset1,05/02/2018 23:20:00,,,,,
2018-01-08 21:52:00,,,,,,,,1,,5.0,0,,,dataset2,08/01/2018 21:52:00,35.0,3.0,0.0,0.0,0.0
2018-02-17 01:57:00,,,,,,,,2,,8.5,0,,,dataset2,17/02/2018 01:57:00,37.0,2.0,0.0,0.0,0.0
2017-12-28 19:14:00,,,,,,,,0,,2.5,0,,,dataset2,28/12/2017 19:14:00,23.0,3.543859649,8.1,1.0,1.0
5/1/18 00:32,82.0,bat,5/1/18 00:28,5/1/18 00:44,199.0,1.0,1.0,1,30/4/18 19:20,5.202777778,0,eating_bat_pick,0.0,dataset1,05/01/2018 00:32:00,,,,,
28/12/17 19:36,2.0,rat,28/12/17 19:35,28/12/17 19:46,40.0,1.0,0.0,0,28/12/17 16:44,2.876111111,0,rat,0.0,dataset1,28/12/2017 19:36:00,,,,,
5/1/18 03:57,4.0,fast,5/1/18 03:52,5/1/18 03:59,295.0,0.0,1.0,1,30/4/18 19:20,8.619166667,0,fast,0.0,dataset1,05/01/2018 03:57:00,,,,,
26/12/17 21:24,5.0,pick,26/12/17 21:22,26/12/17 21:27,128.0,0.0,1.0,0,26/12/17 16:43,4.695555556,0,pick,0.0,dataset1,26/12/2017 21:24:00,,,,,
2018-01-05 23:50:00,,,,,,,,1,,7.0,0,,,dataset2,05/01/2018 23:50:00,47.0,2.909571655,0.0,0.0,0.0
2018-01-10 05:23:00,,,,,,,,1,,12.5,0,,,dataset2,10/01/2018 05:23:00,8.0,2.0,0.0,0.0,0.0
2018-02-15 17:56:00,,,,,,,,2,,0.5,0,,,dataset2,15/02/2018 17:56:00,9.0,4.0,5.55,1.0,1.0
2018-01-05 03:49:00,,,,,,,,1,,11.0,0,,,dataset2,05/01/2018 03:49:00,18.0,1.0,4.616666667,1.0,1.0
2018-02-04 22:17:00,,,,,,,,2,,5.0,0,,,dataset2,04/02/2018 22:17:00,105.0,2.50877193,0.0,0.0,0.0
2018-02-14 02:55:00,,,,,,,,2,,9.5,0,,,dataset2,14/02/2018 02:55:00,14.0,1.0,8.583333333,1.0,1.0
2018-02-17 05:27:00,,,,,,,,2,,12.0,0,,,dataset2,17/02/2018 05:27:00,5.0,0.0,3.933333333,1.0,1.0
27/1/18 23:47,0.010695699,fast,27/1/18 23:44,27/1/18 23:50,186.0,0.0,1.0,1,27/1/18 17:09,6.639444444,0,fast,0.0,dataset1,27/01/2018 23:47:00,,,,,
2018-01-08 23:22:00,,,,,,,,1,,6.5,0,,,dataset2,08/01/2018 23:22:00,54.0,2.435483871,0.0,0.0,0.0
14/2/18 22:52,1.0,rat,14/2/18 22:43,14/2/18 22:52,518.0,1.0,0.0,2,14/2/18 17:26,5.433611111,0,rat,0.0,dataset1,14/02/2018 22:52:00,,,,,
2018-01-01 04:16:00,,,,,,,,1,,11.5,0,,,dataset2,01/01/2018 04:16:00,8.0,1.0,0.0,0.0,0.0
2018-02-08 22:50:00,,,,,,,,2,,5.5,0,,,dataset2,08/02/2018 22:50:00,60.0,2.887096774,0.0,0.0,0.0
2018-02-07 18:49:00,,,,,,,,2,,1.5,0,,,dataset2,07/02/2018 18:49:00,46.0,4.0,0.633333333,1.0,1.0
2018-01-06 00:20:00,,,,,,,,1,,7.5,0,,,dataset2,06/01/2018 00:20:00,43.0,2.459016393,0.0,0.0,0.0
2018-02-17 17:28:00,,,,,,,,2,,0.0,0,,,dataset2,17/02/2018 17:28:00,8.0,4.0,1.25,2.0,1.0
2018-01-28 04:09:00,,,,,,,,1,,11.0,0,,,dataset2,28/01/2018 04:09:00,3.0,1.0,11.98333333,1.0,1.0
2017-12-26 17:43:00,,,,,,,,0,,1.0,0,,,dataset2,26/12/2017 17:43:00,71.0,4.0,0.0,0.0,0.0
2018-01-29 00:10:00,,,,,,,,1,,7.0,0,,,dataset2,29/01/2018 00:10:00,64.0,2.0,0.0,0.0,0.0
2018-02-04 20:17:00,,,,,,,,2,,3.0,0,,,dataset2,04/02/2018 20:17:00,73.0,3.0,0.0,0.0,0.0
2018-02-16 23:57:00,,,,,,,,2,,6.5,0,,,dataset2,16/02/2018 23:57:00,52.0,2.003225806,0.0,0.0,0.0
2018-02-10 23:52:00,,,,,,,,2,,6.5,0,,,dataset2,10/02/2018 23:52:00,63.0,1.875806452,0.0,0.0,0.0
2018-01-05 04:49:00,,,,,,,,1,,12.0,0,,,dataset2,05/01/2018 04:49:00,10.0,1.0,0.216666667,1.0,1.0
2018-01-31 00:12:00,,,,,,,,1,,7.0,0,,,dataset2,31/01/2018 00:12:00,69.0,2.0,0.0,0.0,0.0
20/2/18 01:49,2.0,rat,20/2/18 01:47,20/2/18 01:50,151.0,1.0,0.0,2,19/2/18 17:30,8.333055556,0,rat,0.0,dataset1,20/02/2018 01:49:00,,,,,
2018-01-03 16:48:00,,,,,,,,1,,0.0,0,,,dataset2,03/01/2018 16:48:00,10.0,4.0,0.0,0.0,0.0
27/1/18 23:44,0.049410419,fast,27/1/18 23:44,27/1/18 23:50,12.0,0.0,1.0,1,27/1/18 17:09,6.591111111,0,fast,0.0,dataset1,27/01/2018 23:44:00,,,,,
2018-01-10 19:54:00,,,,,,,,1,,3.0,0,,,dataset2,10/01/2018 19:54:00,37.0,3.023041475,0.0,0.0,0.0
4/2/18 22:05,2.0,fast,4/2/18 21:58,4/2/18 22:09,450.0,0.0,1.0,2,4/2/18 19:01,3.079166667,0,fast,0.0,dataset1,04/02/2018 22:05:00,,,,,
2018-02-05 00:47:00,,,,,,,,2,,7.5,0,,,dataset2,05/02/2018 00:47:00,26.0,0.108333333,0.0,0.0,0.0
2018-02-15 01:56:00,,,,,,,,2,,8.5,0,,,dataset2,15/02/2018 01:56:00,33.0,0.049180328,0.0,0.0,0.0
2018-02-12 22:24:00,,,,,,,,2,,5.0,0,,,dataset2,12/02/2018 22:24:00,58.0,2.383333333,0.0,0.0,0.0
2018-01-06 04:50:00,,,,,,,,1,,12.0,0,,,dataset2,06/01/2018 04:50:00,7.0,1.0,5.616666667,1.0,1.0
2018-02-17 18:58:00,,,,,,,,2,,1.5,0,,,dataset2,17/02/2018 18:58:00,45.0,3.800105764,0.0,0.0,0.0
2018-01-04 19:19:00,,,,,,,,1,,2.5,0,,,dataset2,04/01/2018 19:19:00,40.0,3.0,0.0,0.0,0.0
2018-02-11 23:23:00,,,,,,,,2,,6.0,0,,,dataset2,11/02/2018 23:23:00,66.0,2.0,0.0,0.0,0.0
2018-02-12 05:53:00,,,,,,,,2,,12.5,0,,,dataset2,12/02/2018 05:53:00,4.0,0.0,0.0,0.0,0.0
2018-02-14 18:26:00,,,,,,,,2,,1.0,0,,,dataset2,14/02/2018 18:26:00,31.0,4.0,0.0,0.0,0.0
5/1/18 03:31,4.0,pick,5/1/18 03:24,5/1/18 03:33,386.0,0.0,1.0,1,30/4/18 19:20,8.188055556,0,pick,0.0,dataset1,05/01/2018 03:31:00,,,,,
5/1/18 02:33,2.0,fast,5/1/18 02:33,5/1/18 02:37,1.0,0.0,1.0,1,30/4/18 19:20,7.231111111,0,fast,0.0,dataset1,05/01/2018 02:33:00,,,,,
2018-02-15 21:26:00,,,,,,,,2,,4.0,0,,,dataset2,15/02/2018 21:26:00,88.0,3.0,0.0,0.0,0.0
2018-02-10 23:22:00,,,,,,,,2,,6.0,0,,,dataset2,10/02/2018 23:22:00,45.0,2.0,0.0,0.0,0.0
2017-12-29 23:45:00,,,,,,,,0,,7.0,0,,,dataset2,29/12/2017 23:45:00,49.0,2.939516129,0.0,0.0,0.0
14/2/18 03:11,31.0,pick,14/2/18 03:02,14/2/18 03:11,499.0,0.0,1.0,2,13/2/18 17:25,9.771666667,0,pick,0.0,dataset1,14/02/2018 03:11:00,,,,,
2017-12-28 03:43:00,,,,,,,,0,,11.0,0,,,dataset2,28/12/2017 03:43:00,5.0,0.971774194,16.01666667,1.0,1.0
2017-12-30 16:45:00,,,,,,,,0,,0.0,0,,,dataset2,30/12/2017 16:45:00,21.0,4.0,0.0,0.0,0.0
2018-02-02 17:45:00,,,,,,,,2,,0.5,0,,,dataset2,02/02/2018 17:45:00,39.0,4.0,0.45,2.0,1.0
2017-12-27 00:43:00,,,,,,,,0,,8.0,0,,,dataset2,27/12/2017 00:43:00,26.0,0.144067797,0.0,0.0,0.0
28/12/17 19:45,15.0,pick,28/12/17 19:35,28/12/17 19:46,564.0,1.0,1.0,0,28/12/17 16:44,3.021666667,0,pick_and_others,0.0,dataset1,28/12/2017 19:45:00,,,,,
2018-02-14 02:25:00,,,,,,,,2,,9.0,0,,,dataset2,14/02/2018 02:25:00,29.0,1.0,0.0,0.0,0.0
2017-12-27 22:13:00,,,,,,,,0,,5.5,0,,,dataset2,27/12/2017 22:13:00,52.0,2.583333333,0.0,0.0,0.0
5/1/18 23:12,23.0,pick,5/1/18 23:08,5/1/18 23:12,261.0,0.0,1.0,1,5/1/18 19:21,3.858611111,0,pick,0.0,dataset1,05/01/2018 23:12:00,,,,,
2018-01-08 16:52:00,,,,,,,,1,,0.0,0,,,dataset2,08/01/2018 16:52:00,12.0,4.0,0.0,0.0,0.0
2018-02-10 17:52:00,,,,,,,,2,,0.5,0,,,dataset2,10/02/2018 17:52:00,73.0,4.0,0.0,0.0,0.0
28/1/18 20:05,7.0,rat,28/1/18 19:56,28/1/18 20:10,545.0,1.0,1.0,1,28/1/18 17:10,2.919722222,0,pick_rat,0.0,dataset1,28/01/2018 20:05:00,,,,,
2018-01-10 01:23:00,,,,,,,,1,,8.5,0,,,dataset2,10/01/2018 01:23:00,48.0,3.409836066,0.0,0.0,0.0
2018-01-10 18:24:00,,,,,,,,1,,1.5,0,,,dataset2,10/01/2018 18:24:00,27.0,4.0,0.0,0.0,0.0
2018-01-08 19:52:00,,,,,,,,1,,3.0,0,,,dataset2,08/01/2018 19:52:00,29.0,3.866208355,0.0,0.0,0.0
2018-01-10 20:24:00,,,,,,,,1,,3.5,0,,,dataset2,10/01/2018 20:24:00,35.0,3.0,0.0,0.0,0.0
4/2/18 22:06,2.0,other,4/2/18 21:58,4/2/18 22:09,477.0,0.0,0.0,2,4/2/18 19:01,3.086666667,0,bowl_out,0.0,dataset1,04/02/2018 22:06:00,,,,,
2018-01-11 02:24:00,,,,,,,,1,,9.5,0,,,dataset2,11/01/2018 02:24:00,54.0,0.0,0.0,0.0,0.0
2018-02-17 21:58:00,,,,,,,,2,,4.5,0,,,dataset2,17/02/2018 21:58:00,45.0,3.0,0.0,0.0,0.0
2018-02-13 19:25:00,,,,,,,,2,,2.0,0,,,dataset2,13/02/2018 19:25:00,53.0,4.0,0.0,0.0,0.0
2018-01-31 22:13:00,,,,,,,,1,,5.0,0,,,dataset2,31/01/2018 22:13:00,80.0,2.0,4.466666667,1.0,1.0
2018-02-05 20:18:00,,,,,,,,2,,3.0,0,,,dataset2,05/02/2018 20:18:00,89.0,3.0,0.0,0.0,0.0
2018-01-02 06:17:00,,,,,,,,1,,13.5,0,,,dataset2,02/01/2018 06:17:00,4.0,0.0,0.0,0.0,0.0
2018-02-03 21:46:00,,,,,,,,2,,4.5,0,,,dataset2,03/02/2018 21:46:00,92.0,1.064516129,0.0,0.0,0.0
2018-02-19 03:59:00,,,,,,,,2,,10.5,0,,,dataset2,19/02/2018 03:59:00,11.0,1.0,0.0,0.0,0.0
2018-02-13 02:24:00,,,,,,,,2,,9.0,0,,,dataset2,13/02/2018 02:24:00,29.0,1.0,0.0,0.0,0.0
2018-02-12 19:24:00,,,,,,,,2,,2.0,0,,,dataset2,12/02/2018 19:24:00,49.0,3.428571429,0.0,0.0,0.0
2018-01-10 02:53:00,,,,,,,,1,,10.0,0,,,dataset2,10/01/2018 02:53:00,38.0,3.0,0.0,0.0,0.0
2017-12-28 04:43:00,,,,,,,,0,,12.0,0,,,dataset2,28/12/2017 04:43:00,3.0,0.442307692,0.0,0.0,0.0
13/2/18 03:50,3.0,fast,13/2/18 03:49,13/2/18 03:50,59.0,0.0,1.0,2,2/12/18 17:24,10.435,0,fast,0.0,dataset1,13/02/2018 03:50:00,,,,,
2018-01-27 20:39:00,,,,,,,,1,,3.5,0,,,dataset2,27/01/2018 20:39:00,62.0,4.0,0.166666667,1.0,1.0
2017-12-29 16:45:00,,,,,,,,0,,0.0,0,,,dataset2,29/12/2017 16:45:00,7.0,4.0,0.0,0.0,0.0
2018-02-06 01:48:00,,,,,,,,2,,8.5,0,,,dataset2,06/02/2018 01:48:00,14.0,0.149253731,0.0,0.0,0.0
2018-01-04 06:18:00,,,,,,,,1,,13.5,0,,,dataset2,04/01/2018 06:18:00,6.0,0.0,0.0,0.0,0.0
2018-02-01 23:14:00,,,,,,,,2,,6.0,0,,,dataset2,01/02/2018 23:14:00,74.0,2.0,0.0,0.0,0.0
20/2/18 02:12,3.0,bat,20/2/18 02:10,20/2/18 02:13,116.0,1.0,0.0,2,19/2/18 17:30,8.713055556,0,bat,0.0,dataset1,20/02/2018 02:12:00,,,,,
2018-01-31 05:12:00,,,,,,,,1,,12.0,0,,,dataset2,31/01/2018 05:12:00,1.0,0.0,0.0,0.0,0.0
2/10/18 00:51,2.0,rat,2/10/18 00:49,2/10/18 00:51,149.0,1.0,0.0,2,2/9/18 17:21,7.508333333,0,rat,0.0,dataset1,02/10/2018 00:51:00,,,,,
2018-02-14 04:25:00,,,,,,,,2,,11.0,0,,,dataset2,14/02/2018 04:25:00,22.0,0.0,6.333333333,1.0,1.0
2018-02-16 19:57:00,,,,,,,,2,,2.5,0,,,dataset2,16/02/2018 19:57:00,48.0,3.800105764,0.0,0.0,0.0
2018-01-31 04:42:00,,,,,,,,1,,11.5,0,,,dataset2,31/01/2018 04:42:00,6.0,0.0,0.0,0.0,0.0
2018-01-31 19:13:00,,,,,,,,1,,2.0,0,,,dataset2,31/01/2018 19:13:00,61.0,3.642857143,1.883333333,1.0,1.0
2018-02-02 01:44:00,,,,,,,,2,,8.5,0,,,dataset2,02/02/2018 01:44:00,33.0,0.141666667,0.0,0.0,0.0
2018-02-04 22:47:00,,,,,,,,2,,5.5,0,,,dataset2,04/02/2018 22:47:00,104.0,1.985065178,0.0,0.0,0.0
2018-02-09 03:20:00,,,,,,,,2,,10.0,0,,,dataset2,09/02/2018 03:20:00,22.0,1.0,4.733333333,1.0,1.0
2018-02-10 18:52:00,,,,,,,,2,,1.5,0,,,dataset2,10/02/2018 18:52:00,39.0,4.0,0.0,0.0,0.0
2018-02-02 00:44:00,,,,,,,,2,,7.5,0,,,dataset2,02/02/2018 00:44:00,60.0,1.03198484,0.466666667,1.0,1.0
2018-01-01 06:16:00,,,,,,,,1,,13.5,0,,,dataset2,01/01/2018 06:16:00,2.0,0.0,0.0,0.0,0.0
2018-01-31 02:12:00,,,,,,,,1,,9.0,0,,,dataset2,31/01/2018 02:12:00,40.0,0.55,0.0,0.0,0.0
2018-02-19 02:29:00,,,,,,,,2,,9.0,0,,,dataset2,19/02/2018 02:29:00,32.0,1.0,0.0,0.0,0.0
2017-12-30 01:45:00,,,,,,,,0,,9.0,0,,,dataset2,30/12/2017 01:45:00,30.0,1.069124424,0.0,0.0,0.0
2/2/18 18:30,4.0,rat,2/2/18 18:30,2/2/18 18:30,3.0,1.0,0.0,2,2/2/18 17:15,1.260555556,0,rat,0.0,dataset1,02/02/2018 18:30:00,,,,,
2018-01-11 00:24:00,,,,,,,,1,,7.5,0,,,dataset2,11/01/2018 00:24:00,24.0,1.383333333,0.0,0.0,0.0
2018-02-08 00:49:00,,,,,,,,2,,7.5,0,,,dataset2,08/02/2018 00:49:00,45.0,1.92303339,0.0,0.0,0.0
2018-02-08 04:19:00,,,,,,,,2,,11.0,0,,,dataset2,08/02/2018 04:19:00,11.0,0.0,0.0,0.0,0.0
2/9/18 00:11,1.0,rat,2/9/18 00:09,2/9/18 00:13,135.0,1.0,0.0,2,2/8/18 17:20,6.862222222,0,rat,0.0,dataset1,02/09/2018 00:11:00,,,,,
2018-02-03 17:16:00,,,,,,,,2,,0.0,0,,,dataset2,03/02/2018 17:16:00,29.0,4.0,0.0,0.0,0.0
2018-02-02 21:15:00,,,,,,,,2,,4.0,0,,,dataset2,02/02/2018 21:15:00,76.0,1.553571429,0.0,0.0,0.0
2018-02-13 22:55:00,,,,,,,,2,,5.5,0,,,dataset2,13/02/2018 22:55:00,78.0,2.01843318,0.0,0.0,0.0
2018-01-05 00:19:00,,,,,,,,1,,7.5,0,,,dataset2,05/01/2018 00:19:00,36.0,2.0,0.0,0.0,0.0
2018-01-05 06:19:00,,,,,,,,1,,13.5,0,,,dataset2,05/01/2018 06:19:00,4.0,0.0,0.0,0.0,0.0
2018-01-31 17:43:00,,,,,,,,1,,0.5,0,,,dataset2,31/01/2018 17:43:00,2.0,4.0,0.0,0.0,0.0
2018-02-14 00:55:00,,,,,,,,2,,7.5,0,,,dataset2,14/02/2018 00:55:00,64.0,1.873701476,0.0,0.0,0.0
2017-12-30 21:45:00,,,,,,,,0,,5.0,0,,,dataset2,30/12/2017 21:45:00,10.0,3.0,0.0,0.0,0.0
2018-01-08 17:52:00,,,,,,,,1,,1.0,0,,,dataset2,08/01/2018 17:52:00,8.0,4.0,0.0,0.0,0.0
2018-02-12 02:53:00,,,,,,,,2,,9.5,0,,,dataset2,12/02/2018 02:53:00,38.0,0.863978495,0.0,0.0,0.0
2018-02-10 01:51:00,,,,,,,,2,,8.5,0,,,dataset2,10/02/2018 01:51:00,77.0,1.0,0.0,0.0,0.0
2/7/18 22:58,14.0,pick,2/7/18 22:53,2/7/18 22:58,299.0,0.0,1.0,2,2/7/18 17:19,5.661944444,0,pick,0.0,dataset1,02/07/2018 22:58:00,,,,,
2018-02-09 22:51:00,,,,,,,,2,,5.5,0,,,dataset2,09/02/2018 22:51:00,63.0,2.0,0.0,0.0,0.0
2017-12-27 02:13:00,,,,,,,,0,,9.5,0,,,dataset2,27/12/2017 02:13:00,17.0,0.0,0.0,0.0,0.0
2017-12-31 22:16:00,,,,,,,,0,,5.5,0,,,dataset2,31/12/2017 22:16:00,17.0,3.0,0.0,0.0,0.0
2018-01-04 21:49:00,,,,,,,,1,,5.0,0,,,dataset2,04/01/2018 21:49:00,62.0,2.035483871,0.0,0.0,0.0
2018-01-29 01:40:00,,,,,,,,1,,8.5,0,,,dataset2,29/01/2018 01:40:00,55.0,1.151209677,0.0,0.0,0.0
2018-02-08 19:20:00,,,,,,,,2,,2.0,0,,,dataset2,08/02/2018 19:20:00,63.0,4.0,0.0,0.0,0.0
2018-02-18 00:58:00,,,,,,,,2,,7.5,0,,,dataset2,18/02/2018 00:58:00,78.0,2.0,0.0,0.0,0.0
5/2/18 19:55,1.0,rat,5/2/18 19:52,5/2/18 19:55,146.0,1.0,0.0,2,5/2/18 19:21,0.568611111,0,rat,0.0,dataset1,05/02/2018 19:55:00,,,,,
5/2/18 02:52,30.0,pick,5/2/18 02:45,5/2/18 02:52,394.0,0.0,1.0,2,5/1/18 19:21,7.519722222,0,pick,0.0,dataset1,05/02/2018 02:52:00,,,,,
2018-02-02 02:44:00,,,,,,,,2,,9.5,0,,,dataset2,02/02/2018 02:44:00,5.0,0.0,0.0,0.0,0.0
2017-12-28 18:44:00,,,,,,,,0,,2.0,0,,,dataset2,28/12/2017 18:44:00,55.0,3.962648557,0.0,0.0,0.0
1/10/18 23:34,4.0,other,1/10/18 23:32,1/10/18 23:34,113.0,0.0,0.0,1,1/10/18 16:54,6.673888889,0,,0.0,dataset1,01/10/2018 23:34:00,,,,,
2018-02-14 22:56:00,,,,,,,,2,,5.5,0,,,dataset2,14/02/2018 22:56:00,91.0,1.854262673,0.0,0.0,0.0
5/1/18 00:06,4.0,fast,5/1/18 00:06,5/1/18 00:09,16.0,0.0,1.0,1,30/4/18 19:20,4.773888889,0,fast,0.0,dataset1,05/01/2018 00:06:00,,,,,
15/2/18 19:31,0.085595674,rat,15/2/18 19:30,15/2/18 19:31,71.0,1.0,0.0,2,15/2/18 17:26,2.097222222,0,attack_rat,0.0,dataset1,15/02/2018 19:31:00,,,,,
2018-01-09 00:22:00,,,,,,,,1,,7.5,0,,,dataset2,09/01/2018 00:22:00,26.0,2.0,1.216666667,1.0,1.0
2018-01-03 22:18:00,,,,,,,,1,,5.5,0,,,dataset2,03/01/2018 22:18:00,32.0,3.0,0.0,0.0,0.0
2018-01-04 05:18:00,,,,,,,,1,,12.5,0,,,dataset2,04/01/2018 05:18:00,5.0,0.0,2.383333333,1.0,1.0
2018-02-13 17:25:00,,,,,,,,2,,0.0,0,,,dataset2,13/02/2018 17:25:00,1.0,4.0,0.0,0.0,0.0
2018-02-03 17:46:00,,,,,,,,2,,0.5,0,,,dataset2,03/02/2018 17:46:00,34.0,3.949388209,0.666666667,1.0,1.0
2018-02-10 03:21:00,,,,,,,,2,,10.0,0,,,dataset2,10/02/2018 03:21:00,41.0,0.4,0.0,0.0,0.0
4/2/18 23:46,3.0,fast,4/2/18 23:42,4/2/18 23:48,234.0,0.0,1.0,2,4/2/18 19:01,4.750833333,0,fast,0.0,dataset1,04/02/2018 23:46:00,,,,,
17/2/18 20:50,1.0,rat,17/2/18 20:49,17/2/18 20:51,35.0,1.0,0.0,2,17/2/18 17:28,3.374722222,0,rat,0.0,dataset1,17/02/2018 20:50:00,,,,,
2018-01-04 22:19:00,,,,,,,,1,,5.5,0,,,dataset2,04/01/2018 22:19:00,53.0,2.0,0.0,0.0,0.0
4/2/18 23:12,1.0,fast,4/2/18 23:10,4/2/18 23:18,128.0,0.0,1.0,2,4/2/18 19:01,4.189444444,0,fast,0.0,dataset1,04/02/2018 23:12:00,,,,,
2018-01-30 22:12:00,,,,,,,,1,,5.0,0,,,dataset2,30/01/2018 22:12:00,130.0,2.593220339,0.0,0.0,0.0
28/12/17 19:44,5.0,rat,28/12/17 19:35,28/12/17 19:46,521.0,1.0,0.0,0,28/12/17 16:44,3.009722222,0,rat_and_others,0.0,dataset1,28/12/2017 19:44:00,,,,,
2017-12-29 17:45:00,,,,,,,,0,,1.0,0,,,dataset2,29/12/2017 17:45:00,14.0,4.0,0.0,0.0,0.0
2017-12-27 16:43:00,,,,,,,,0,,0.0,0,,,dataset2,27/12/2017 16:43:00,18.0,4.0,0.0,0.0,0.0
2018-02-06 02:48:00,,,,,,,,2,,9.5,0,,,dataset2,06/02/2018 02:48:00,3.0,0.0,0.0,0.0,0.0
5/1/18 00:09,5.0,pick,5/1/18 00:06,5/1/18 00:09,210.0,0.0,1.0,1,30/4/18 19:20,4.827777778,0,pick,0.0,dataset1,05/01/2018 00:09:00,,,,,
2018-01-02 03:17:00,,,,,,,,1,,10.5,0,,,dataset2,02/01/2018 03:17:00,28.0,0.0,0.0,0.0,0.0
2018-02-15 17:26:00,,,,,,,,2,,0.0,0,,,dataset2,15/02/2018 17:26:00,8.0,4.0,0.0,0.0,0.0
5/2/18 19:53,1.0,rat,5/2/18 19:52,5/2/18 19:55,51.0,1.0,0.0,2,5/2/18 19:21,0.542222222,0,rat,0.0,dataset1,05/02/2018 19:53:00,,,,,
2018-02-06 01:18:00,,,,,,,,2,,8.0,0,,,dataset2,06/02/2018 01:18:00,39.0,0.52238806,0.0,0.0,0.0
2017-12-28 21:44:00,,,,,,,,0,,5.0,0,,,dataset2,28/12/2017 21:44:00,49.0,2.951877314,0.0,0.0,0.0
2017-12-29 01:14:00,,,,,,,,0,,8.5,0,,,dataset2,29/12/2017 01:14:00,44.0,1.533333333,0.0,0.0,0.0
2018-01-09 20:23:00,,,,,,,,1,,3.5,0,,,dataset2,09/01/2018 20:23:00,14.0,4.0,0.0,0.0,0.0
2017-12-29 00:14:00,,,,,,,,0,,7.5,0,,,dataset2,29/12/2017 00:14:00,29.0,2.0,0.0,0.0,0.0
28/1/18 04:20,11.0,pick,28/1/18 04:08,28/1/18 04:20,742.0,0.0,1.0,1,27/1/18 17:09,11.1975,0,pick,0.0,dataset1,28/01/2018 04:20:00,,,,,
4/2/18 23:45,11.0,bat,4/2/18 23:42,4/2/18 23:48,223.0,1.0,0.0,2,4/2/18 19:01,4.747777778,0,other_bat,0.0,dataset1,04/02/2018 23:45:00,,,,,
2018-01-31 02:42:00,,,,,,,,1,,9.5,0,,,dataset2,31/01/2018 02:42:00,32.0,0.15,0.0,0.0,0.0
2018-02-04 19:17:00,,,,,,,,2,,2.0,0,,,dataset2,04/02/2018 19:17:00,67.0,3.482758621,0.0,0.0,0.0
2/9/18 00:06,3.0,fast,2/9/18 00:06,2/9/18 00:06,2.0,0.0,1.0,2,2/8/18 17:20,6.767222222,0,fast,0.0,dataset1,02/09/2018 00:06:00,,,,,
15/2/18 18:54,1.0,rat,15/2/18 18:49,15/2/18 18:55,321.0,1.0,0.0,2,15/2/18 17:26,1.479722222,0,rat,0.0,dataset1,15/02/2018 18:54:00,,,,,
2018-01-09 03:22:00,,,,,,,,1,,10.5,0,,,dataset2,09/01/2018 03:22:00,25.0,1.0,0.0,0.0,0.0
2017-12-26 19:13:00,,,,,,,,0,,2.5,0,,,dataset2,26/12/2017 19:13:00,41.0,3.0,0.0,0.0,0.0
2018-01-06 00:50:00,,,,,,,,1,,8.0,0,,,dataset2,06/01/2018 00:50:00,40.0,2.048122686,0.0,0.0,0.0
2018-01-31 06:42:00,,,,,,,,1,,13.5,0,,,dataset2,31/01/2018 06:42:00,3.0,0.0,2.666666667,1.0,1.0
2017-12-29 22:45:00,,,,,,,,0,,6.0,0,,,dataset2,29/12/2017 22:45:00,59.0,3.0,0.0,0.0,0.0
2017-12-29 19:15:00,,,,,,,,0,,2.5,0,,,dataset2,29/12/2017 19:15:00,26.0,3.517241379,0.0,0.0,0.0
2018-01-08 20:22:00,,,,,,,,1,,3.5,0,,,dataset2,08/01/2018 20:22:00,30.0,3.393442623,0.0,0.0,0.0
2018-01-28 20:40:00,,,,,,,,1,,3.5,0,,,dataset2,28/01/2018 20:40:00,44.0,3.112903226,0.0,0.0,0.0
2018-01-06 02:50:00,,,,,,,,1,,10.0,0,,,dataset2,06/01/2018 02:50:00,20.0,1.913412564,0.0,0.0,0.0
2018-02-08 20:50:00,,,,,,,,2,,3.5,0,,,dataset2,08/02/2018 20:50:00,32.0,3.031126203,0.0,0.0,0.0
2018-02-16 18:57:00,,,,,,,,2,,1.5,0,,,dataset2,16/02/2018 18:57:00,53.0,4.0,0.0,0.0,0.0
5/1/18 00:44,1.0,fast,5/1/18 00:28,5/1/18 00:44,915.0,0.0,1.0,1,30/4/18 19:20,5.401666667,0,fast,0.0,dataset1,05/01/2018 00:44:00,,,,,
5/1/18 00:33,2.0,fast,5/1/18 00:28,5/1/18 00:44,304.0,0.0,1.0,1,30/4/18 19:20,5.231944444,0,fast,0.0,dataset1,05/01/2018 00:33:00,,,,,
4/2/18 23:48,6.0,bat,4/2/18 23:42,4/2/18 23:48,360.0,1.0,0.0,2,4/2/18 19:01,4.785833333,0,other_bats,0.0,dataset1,04/02/2018 23:48:00,,,,,
2018-02-20 04:00:00,,,,,,,,2,,10.5,0,,,dataset2,20/02/2018 04:00:00,10.0,1.005467469,0.0,0.0,0.0
2018-01-10 04:53:00,,,,,,,,1,,12.0,0,,,dataset2,10/01/2018 04:53:00,11.0,2.015053763,0.0,0.0,0.0
2018-01-30 17:12:00,,,,,,,,1,,0.0,0,,,dataset2,30/01/2018 17:12:00,1.0,4.0,0.0,0.0,0.0
2018-02-18 20:59:00,,,,,,,,2,,3.5,0,,,dataset2,18/02/2018 20:59:00,65.0,3.000537634,0.0,0.0,0.0
2018-02-05 17:48:00,,,,,,,,2,,0.5,0,,,dataset2,05/02/2018 17:48:00,40.0,4.0,0.0,0.0,0.0
2017-12-30 05:45:00,,,,,,,,0,,13.0,0,,,dataset2,30/12/2017 05:45:00,5.0,0.0,0.0,0.0,0.0
28/1/18 20:08,4.0,pick,28/1/18 19:56,28/1/18 20:10,720.0,0.0,1.0,1,28/1/18 17:10,2.968333333,0,pick,0.0,dataset1,28/01/2018 20:08:00,,,,,
2018-01-04 22:49:00,,,,,,,,1,,6.0,0,,,dataset2,04/01/2018 22:49:00,49.0,2.0,0.0,0.0,0.0
2018-02-16 04:26:00,,,,,,,,2,,11.0,0,,,dataset2,16/02/2018 04:26:00,15.0,0.0,0.0,0.0,0.0
2018-01-05 02:19:00,,,,,,,,1,,9.5,0,,,dataset2,05/01/2018 02:19:00,13.0,1.0,0.0,0.0,0.0
2018-01-27 23:39:00,,,,,,,,1,,6.5,0,,,dataset2,27/01/2018 23:39:00,64.0,2.55,6.083333333,1.0,1.0
26/12/17 20:57,1.0,other,26/12/17 20:53,26/12/17 20:58,239.0,0.0,0.0,0,26/12/17 16:43,4.248611111,0,,0.0,dataset1,26/12/2017 20:57:00,,,,,
2018-02-02 17:15:00,,,,,,,,2,,0.0,0,,,dataset2,02/02/2018 17:15:00,12.0,4.0,0.0,0.0,0.0
2018-01-01 23:17:00,,,,,,,,1,,6.5,0,,,dataset2,01/01/2018 23:17:00,39.0,2.483870968,0.0,0.0,0.0
2018-02-07 20:19:00,,,,,,,,2,,3.0,0,,,dataset2,07/02/2018 20:19:00,65.0,3.451612903,0.0,0.0,0.0
2017-12-28 23:44:00,,,,,,,,0,,7.0,0,,,dataset2,28/12/2017 23:44:00,42.0,2.0,0.0,0.0,0.0
14/2/18 22:46,1.0,rat,14/2/18 22:43,14/2/18 22:52,204.0,1.0,0.0,2,14/2/18 17:26,5.346388889,0,rat,0.0,dataset1,14/02/2018 22:46:00,,,,,
2018-02-02 19:45:00,,,,,,,,2,,2.5,0,,,dataset2,02/02/2018 19:45:00,56.0,3.193805765,0.0,0.0,0.0
2018-02-13 01:24:00,,,,,,,,2,,8.0,0,,,dataset2,13/02/2018 01:24:00,29.0,1.368421053,0.0,0.0,0.0
2018-01-04 17:19:00,,,,,,,,1,,0.5,0,,,dataset2,04/01/2018 17:19:00,33.0,4.0,0.0,0.0,0.0
2018-02-04 19:47:00,,,,,,,,2,,2.5,0,,,dataset2,04/02/2018 19:47:00,59.0,3.050611791,0.0,0.0,0.0
2018-01-03 17:18:00,,,,,,,,1,,0.5,0,,,dataset2,03/01/2018 17:18:00,10.0,4.0,0.0,0.0,0.0
2/11/18 00:32,1.0,rat,2/11/18 00:31,2/11/18 00:33,35.0,1.0,0.0,2,2/10/18 17:22,7.1725,0,rat,0.0,dataset1,02/11/2018 00:32:00,,,,,
28/1/18 20:05,1.0,fast,28/1/18 19:56,28/1/18 20:10,589.0,0.0,1.0,1,28/1/18 17:10,2.931944444,0,fast,0.0,dataset1,28/01/2018 20:05:00,,,,,
2018-02-02 00:14:00,,,,,,,,2,,7.0,0,,,dataset2,02/02/2018 00:14:00,57.0,1.524590164,3.683333333,1.0,1.0
2018-01-04 01:18:00,,,,,,,,1,,8.5,0,,,dataset2,04/01/2018 01:18:00,14.0,2.0,0.0,0.0,0.0
2018-02-16 01:26:00,,,,,,,,2,,8.0,0,,,dataset2,16/02/2018 01:26:00,48.0,1.355932203,0.0,0.0,0.0
2018-02-12 00:53:00,,,,,,,,2,,7.5,0,,,dataset2,12/02/2018 00:53:00,52.0,1.873701476,0.0,0.0,0.0
2018-02-14 00:25:00,,,,,,,,2,,7.0,0,,,dataset2,14/02/2018 00:25:00,49.0,2.0,0.0,0.0,0.0
2018-01-01 03:46:00,,,,,,,,1,,11.0,0,,,dataset2,01/01/2018 03:46:00,13.0,1.0,0.0,0.0,0.0
2018-02-19 01:29:00,,,,,,,,2,,8.0,0,,,dataset2,19/02/2018 01:29:00,40.0,1.301587302,0.2,1.0,1.0
2018-01-30 22:42:00,,,,,,,,1,,5.5,0,,,dataset2,30/01/2018 22:42:00,90.0,2.11481684,0.0,0.0,0.0
5/2/18 03:51,1.0,fast,5/2/18 03:50,5/2/18 03:51,23.0,0.0,1.0,2,5/1/18 19:21,8.5025,0,fast,0.0,dataset1,05/02/2018 03:51:00,,,,,
2018-02-02 19:15:00,,,,,,,,2,,2.0,0,,,dataset2,02/02/2018 19:15:00,66.0,3.810569664,0.0,0.0,0.0
2018-02-18 01:58:00,,,,,,,,2,,8.5,0,,,dataset2,18/02/2018 01:58:00,52.0,1.814383924,0.0,0.0,0.0
27/1/18 23:45,3.0,fast,27/1/18 23:44,27/1/18 23:50,68.0,0.0,1.0,1,27/1/18 17:09,6.606666667,0,fast,0.0,dataset1,27/01/2018 23:45:00,,,,,
2018-01-28 20:10:00,,,,,,,,1,,3.0,0,,,dataset2,28/01/2018 20:10:00,68.0,3.583333333,0.533333333,1.0,1.0
2017-12-26 20:13:00,,,,,,,,0,,3.5,0,,,dataset2,26/12/2017 20:13:00,32.0,3.0,0.0,0.0,0.0
2017-12-31 17:16:00,,,,,,,,0,,0.5,0,,,dataset2,31/12/2017 17:16:00,3.0,4.0,0.0,0.0,0.0
2018-01-09 22:53:00,,,,,,,,1,,6.0,0,,,dataset2,09/01/2018 22:53:00,16.0,4.0,0.0,0.0,0.0
4/2/18 23:46,11.0,rat,4/2/18 23:42,4/2/18 23:48,287.0,1.0,0.0,2,4/2/18 19:01,4.765555556,0,rat,0.0,dataset1,04/02/2018 23:46:00,,,,,
2018-01-03 23:18:00,,,,,,,,1,,6.5,0,,,dataset2,03/01/2018 23:18:00,32.0,2.465517241,0.0,0.0,0.0
2018-01-08 20:52:00,,,,,,,,1,,4.0,0,,,dataset2,08/01/2018 20:52:00,21.0,3.023796933,0.0,0.0,0.0
2018-02-02 21:45:00,,,,,,,,2,,4.5,0,,,dataset2,02/02/2018 21:45:00,76.0,1.031942428,0.0,0.0,0.0
2018-02-14 20:26:00,,,,,,,,2,,3.0,0,,,dataset2,14/02/2018 20:26:00,86.0,3.0,0.0,0.0,0.0
2018-02-13 03:54:00,,,,,,,,2,,10.5,0,,,dataset2,13/02/2018 03:54:00,28.0,1.0,0.3,1.0,1.0
2018-01-28 21:40:00,,,,,,,,1,,4.5,0,,,dataset2,28/01/2018 21:40:00,61.0,3.0,2.566666667,1.0,1.0
2018-02-13 23:55:00,,,,,,,,2,,6.5,0,,,dataset2,13/02/2018 23:55:00,41.0,2.0,0.0,0.0,0.0
2018-01-31 18:13:00,,,,,,,,1,,1.0,0,,,dataset2,31/01/2018 18:13:00,52.0,4.0,0.0,0.0,0.0
2018-02-13 02:54:00,,,,,,,,2,,9.5,0,,,dataset2,13/02/2018 02:54:00,19.0,1.0,8.5,2.0,1.0
2018-02-05 20:48:00,,,,,,,,2,,3.5,0,,,dataset2,05/02/2018 20:48:00,73.0,2.909571655,0.0,0.0,0.0
2018-02-19 00:59:00,,,,,,,,2,,7.5,0,,,dataset2,19/02/2018 00:59:00,47.0,1.777265745,0.0,0.0,0.0
5/2/18 05:09,0.019932178,fast,5/2/18 05:07,5/2/18 05:10,110.0,0.0,1.0,2,5/1/18 19:21,9.813055556,0,fast,0.0,dataset1,05/02/2018 05:09:00,,,,,
2018-02-18 19:29:00,,,,,,,,2,,2.0,0,,,dataset2,18/02/2018 19:29:00,52.0,4.0,0.0,0.0,0.0
4/2/18 22:09,17.0,rat,4/2/18 21:58,4/2/18 22:09,695.0,1.0,0.0,2,4/2/18 19:01,3.147222222,0,rat_and_bat,0.0,dataset1,04/02/2018 22:09:00,,,,,
2018-02-05 21:48:00,,,,,,,,2,,4.5,0,,,dataset2,05/02/2018 21:48:00,98.0,2.048122686,0.0,0.0,0.0
2018-02-17 23:28:00,,,,,,,,2,,6.0,0,,,dataset2,17/02/2018 23:28:00,45.0,2.3,0.9,1.0,1.0
2018-02-09 19:51:00,,,,,,,,2,,2.5,0,,,dataset2,09/02/2018 19:51:00,105.0,3.05353466,0.0,0.0,0.0
2017-12-31 21:16:00,,,,,,,,0,,4.5,0,,,dataset2,31/12/2017 21:16:00,38.0,3.0,0.0,0.0,0.0
2018-01-04 01:48:00,,,,,,,,1,,9.0,0,,,dataset2,04/01/2018 01:48:00,20.0,1.929240375,0.0,0.0,0.0
2018-01-28 18:40:00,,,,,,,,1,,1.5,0,,,dataset2,28/01/2018 18:40:00,20.0,4.0,0.0,0.0,0.0
2018-02-11 03:52:00,,,,,,,,2,,10.5,0,,,dataset2,11/02/2018 03:52:00,14.0,0.0,0.0,0.0,0.0
2018-01-03 17:48:00,,,,,,,,1,,1.0,0,,,dataset2,03/01/2018 17:48:00,5.0,4.0,0.0,0.0,0.0
2018-02-12 21:54:00,,,,,,,,2,,4.5,0,,,dataset2,12/02/2018 21:54:00,37.0,2.863978495,0.0,0.0,0.0
2017-12-28 22:44:00,,,,,,,,0,,6.0,0,,,dataset2,28/12/2017 22:44:00,66.0,2.090428345,0.0,0.0,0.0
2017-12-31 03:15:00,,,,,,,,0,,10.5,0,,,dataset2,31/12/2017 03:15:00,26.0,1.542372881,0.0,0.0,0.0
5/1/18 22:11,4.0,other,5/1/18 22:06,5/1/18 22:11,275.0,0.0,0.0,1,5/1/18 19:21,2.833888889,0,pup_and_mon,0.0,dataset1,05/01/2018 22:11:00,,,,,
27/1/18 23:48,1.0,other,27/1/18 23:44,27/1/18 23:50,246.0,0.0,0.0,1,27/1/18 17:09,6.656111111,0,gaze,0.0,dataset1,27/01/2018 23:48:00,,,,,
5/2/18 21:01,18.0,pick,5/2/18 20:59,5/2/18 21:06,89.0,0.0,1.0,2,5/2/18 19:21,1.670555556,0,pick,0.0,dataset1,05/02/2018 21:01:00,,,,,
2018-02-03 20:16:00,,,,,,,,2,,3.0,0,,,dataset2,03/02/2018 20:16:00,64.0,2.508474576,0.0,0.0,0.0
2018-01-28 02:09:00,,,,,,,,1,,9.0,0,,,dataset2,28/01/2018 02:09:00,49.0,1.642857143,0.0,0.0,0.0
2017-12-27 21:43:00,,,,,,,,0,,5.0,0,,,dataset2,27/12/2017 21:43:00,48.0,2.970430108,0.0,0.0,0.0
2018-02-11 17:53:00,,,,,,,,2,,0.5,0,,,dataset2,11/02/2018 17:53:00,13.0,4.0,0.0,0.0,0.0
30/12/17 19:54,15.0,rat,30/12/17 19:50,30/12/17 19:55,194.0,1.0,0.0,0,30/12/17 16:45,3.15,0,rat,0.0,dataset1,30/12/2017 19:54:00,,,,,
19/2/18 01:33,3.0,rat,19/2/18 01:33,19/2/18 01:33,6.0,1.0,0.0,2,18/2/18 17:29,8.078333333,0,rat,0.0,dataset1,19/02/2018 01:33:00,,,,,
2018-01-06 01:20:00,,,,,,,,1,,8.5,0,,,dataset2,06/01/2018 01:20:00,40.0,2.0,0.0,0.0,0.0
2018-02-16 21:27:00,,,,,,,,2,,4.0,0,,,dataset2,16/02/2018 21:27:00,45.0,3.0,0.0,0.0,0.0
2018-02-12 22:54:00,,,,,,,,2,,5.5,0,,,dataset2,12/02/2018 22:54:00,53.0,2.019354839,0.0,0.0,0.0
2018-02-01 22:44:00,,,,,,,,2,,5.5,0,,,dataset2,01/02/2018 22:44:00,72.0,2.080909572,0.0,0.0,0.0
2018-02-20 05:30:00,,,,,,,,2,,12.0,0,,,dataset2,20/02/2018 05:30:00,2.0,0.0,0.0,0.0,0.0
2018-02-17 22:58:00,,,,,,,,2,,5.5,0,,,dataset2,17/02/2018 22:58:00,52.0,2.796774194,0.0,0.0,0.0
2017-12-26 16:43:00,,,,,,,,0,,0.0,0,,,dataset2,26/12/2017 16:43:00,28.0,4.0,0.0,0.0,0.0
2018-01-10 00:23:00,,,,,,,,1,,7.5,0,,,dataset2,10/01/2018 00:23:00,29.0,4.0,0.0,0.0,0.0
2018-01-10 20:54:00,,,,,,,,1,,4.0,0,,,dataset2,10/01/2018 20:54:00,40.0,2.841353781,0.0,0.0,0.0
2018-01-06 03:50:00,,,,,,,,1,,11.0,0,,,dataset2,06/01/2018 03:50:00,8.0,1.031126203,0.0,0.0,0.0
2018-02-10 21:52:00,,,,,,,,2,,4.5,0,,,dataset2,10/02/2018 21:52:00,60.0,2.863978495,0.7,2.0,1.0
4/2/18 23:48,15.0,pick,4/2/18 23:42,4/2/18 23:48,355.0,0.0,1.0,2,4/2/18 19:01,4.784444444,0,pick,0.0,dataset1,04/02/2018 23:48:00,,,,,
28/1/18 20:06,4.0,fast,28/1/18 19:56,28/1/18 20:10,642.0,0.0,1.0,1,28/1/18 17:10,2.946666667,0,fast,0.0,dataset1,28/01/2018 20:06:00,,,,,
4/2/18 23:43,2.0,fast,4/2/18 23:42,4/2/18 23:48,80.0,0.0,1.0,2,4/2/18 19:01,4.708055556,0,fast,0.0,dataset1,04/02/2018 23:43:00,,,,,
19/2/18 00:33,0.057540536,fast,19/2/18 00:31,19/2/18 00:34,157.0,0.0,1.0,2,18/2/18 17:29,7.078055556,0,fast,0.0,dataset1,19/02/2018 00:33:00,,,,,
2/2/18 00:43,2.0,fast,2/2/18 00:40,2/2/18 00:44,184.0,0.0,1.0,2,2/1/18 17:14,7.489722222,0,fast,0.0,dataset1,02/02/2018 00:43:00,,,,,
2018-01-01 01:46:00,,,,,,,,1,,9.0,0,,,dataset2,01/01/2018 01:46:00,18.0,1.92688172,4.933333333,1.0,1.0
2017-12-30 18:45:00,,,,,,,,0,,2.0,0,,,dataset2,30/12/2017 18:45:00,20.0,3.955857385,0.0,0.0,0.0
2018-01-31 00:42:00,,,,,,,,1,,7.5,0,,,dataset2,31/01/2018 00:42:00,44.0,1.958064516,0.0,0.0,0.0
2018-02-01 18:14:00,,,,,,,,2,,1.0,0,,,dataset2,01/02/2018 18:14:00,41.0,4.0,0.0,0.0,0.0
5/2/18 00:49,1.0,fast,5/2/18 00:46,5/2/18 00:58,142.0,0.0,1.0,2,5/1/18 19:21,5.470833333,0,fast,0.0,dataset1,05/02/2018 00:49:00,,,,,
17/2/18 20:50,2.0,rat,17/2/18 20:49,17/2/18 20:51,42.0,1.0,0.0,2,17/2/18 17:28,3.376666667,0,rat,0.0,dataset1,17/02/2018 20:50:00,,,,,
2017-12-29 04:14:00,,,,,,,,0,,11.5,0,,,dataset2,29/12/2017 04:14:00,3.0,0.0,0.0,0.0,0.0
2018-02-19 02:59:00,,,,,,,,2,,9.5,0,,,dataset2,19/02/2018 02:59:00,22.0,1.0,0.433333333,1.0,1.0
2018-01-01 05:46:00,,,,,,,,1,,13.0,0,,,dataset2,01/01/2018 05:46:00,4.0,1.0,0.083333333,1.0,1.0
2018-01-10 01:53:00,,,,,,,,1,,9.0,0,,,dataset2,10/01/2018 01:53:00,67.0,3.02908514,1.783333333,1.0,1.0
5/1/18 00:39,4.0,bat,5/1/18 00:28,5/1/18 00:44,649.0,1.0,0.0,1,30/4/18 19:20,5.327777778,0,bat,0.0,dataset1,05/01/2018 00:39:00,,,,,
2018-02-10 19:22:00,,,,,,,,2,,2.0,0,,,dataset2,10/02/2018 19:22:00,47.0,4.0,0.25,1.0,1.0
2018-02-19 20:00:00,,,,,,,,2,,2.5,0,,,dataset2,19/02/2018 20:00:00,43.0,3.769962983,0.0,0.0,0.0
28/12/17 19:37,26.0,rat,28/12/17 19:35,28/12/17 19:46,68.0,1.0,0.0,0,28/12/17 16:44,2.883888889,0,rat,0.0,dataset1,28/12/2017 19:37:00,,,,,
5/1/18 03:56,7.0,rat,5/1/18 03:52,5/1/18 03:59,257.0,1.0,0.0,1,30/4/18 19:20,8.608611111,0,rat,0.0,dataset1,05/01/2018 03:56:00,,,,,
30/12/17 19:54,13.0,rat,30/12/17 19:50,30/12/17 19:55,253.0,1.0,0.0,0,30/12/17 16:45,3.166388889,0,rat,0.0,dataset1,30/12/2017 19:54:00,,,,,
5/1/18 21:34,1.0,fast,5/1/18 21:27,5/1/18 21:38,443.0,0.0,1.0,1,5/1/18 19:21,2.226111111,0,fast,0.0,dataset1,05/01/2018 21:34:00,,,,,
2018-02-01 20:44:00,,,,,,,,2,,3.5,0,,,dataset2,01/02/2018 20:44:00,54.0,3.0,0.0,0.0,0.0
2018-01-08 19:22:00,,,,,,,,1,,2.5,0,,,dataset2,08/01/2018 19:22:00,34.0,4.0,0.0,0.0,0.0
2017-12-31 01:15:00,,,,,,,,0,,8.5,0,,,dataset2,31/12/2017 01:15:00,53.0,2.0,0.0,0.0,0.0
4/2/18 23:46,25.0,pick,4/2/18 23:42,4/2/18 23:48,239.0,0.0,1.0,2,4/2/18 19:01,4.752222222,0,pick,0.0,dataset1,04/02/2018 23:46:00,,,,,
2018-02-05 21:18:00,,,,,,,,2,,4.0,0,,,dataset2,05/02/2018 21:18:00,96.0,2.459016393,0.0,0.0,0.0
2018-02-12 02:23:00,,,,,,,,2,,9.0,0,,,dataset2,12/02/2018 02:23:00,39.0,1.0,0.0,0.0,0.0
2017-12-30 20:45:00,,,,,,,,0,,4.0,0,,,dataset2,30/12/2017 20:45:00,39.0,3.0,0.0,0.0,0.0
2018-02-14 17:26:00,,,,,,,,2,,0.0,0,,,dataset2,14/02/2018 17:26:00,16.0,4.0,0.0,0.0,0.0
2018-02-09 21:21:00,,,,,,,,2,,4.0,0,,,dataset2,09/02/2018 21:21:00,79.0,2.406779661,0.0,0.0,0.0
2017-12-31 21:46:00,,,,,,,,0,,5.0,0,,,dataset2,31/12/2017 21:46:00,20.0,3.0,0.0,0.0,0.0
2017-12-27 01:43:00,,,,,,,,0,,9.0,0,,,dataset2,27/12/2017 01:43:00,13.0,0.0,0.016666667,1.0,1.0
5/2/18 02:20,0.010871342,bat,5/2/18 02:14,5/2/18 02:24,404.0,1.0,0.0,2,5/1/18 19:21,6.995555556,0,bat,0.0,dataset1,05/02/2018 02:20:00,,,,,
2018-01-01 21:47:00,,,,,,,,1,,5.0,0,,,dataset2,01/01/2018 21:47:00,49.0,3.0,0.0,0.0,0.0
14/2/18 22:50,9.0,rat,14/2/18 22:43,14/2/18 22:52,434.0,1.0,0.0,2,14/2/18 17:26,5.410277778,0,rat,0.0,dataset1,14/02/2018 22:50:00,,,,,
2018-02-08 20:20:00,,,,,,,,2,,3.0,0,,,dataset2,08/02/2018 20:20:00,23.0,3.438596491,0.0,0.0,0.0
2018-01-28 19:10:00,,,,,,,,1,,2.0,0,,,dataset2,28/01/2018 19:10:00,53.0,4.0,0.0,0.0,0.0
2018-02-05 00:17:00,,,,,,,,2,,7.0,0,,,dataset2,05/02/2018 00:17:00,51.0,0.466666667,0.0,0.0,0.0
2018-01-01 00:16:00,,,,,,,,1,,7.5,0,,,dataset2,01/01/2018 00:16:00,34.0,2.0,0.0,0.0,0.0
2018-02-02 23:45:00,,,,,,,,2,,6.5,0,,,dataset2,02/02/2018 23:45:00,8.0,0.0,0.0,0.0,0.0
2017-12-30 23:15:00,,,,,,,,0,,6.5,0,,,dataset2,30/12/2017 23:15:00,5.0,3.0,0.0,0.0,0.0
1/1/18 01:52,2.0,fast,1/1/18 01:50,1/1/18 01:55,115.0,0.0,1.0,1,31/12/17 16:46,9.108333333,0,fast,0.0,dataset1,01/01/2018 01:52:00,,,,,
2017-12-26 19:43:00,,,,,,,,0,,3.0,0,,,dataset2,26/12/2017 19:43:00,54.0,3.0,0.0,0.0,0.0
2018-02-19 20:30:00,,,,,,,,2,,3.0,0,,,dataset2,19/02/2018 20:30:00,55.0,3.278688525,0.0,0.0,0.0
2018-02-02 20:45:00,,,,,,,,2,,3.5,0,,,dataset2,02/02/2018 20:45:00,74.0,2.089285714,0.0,0.0,0.0
2018-02-11 18:23:00,,,,,,,,2,,1.0,0,,,dataset2,11/02/2018 18:23:00,26.0,4.0,0.0,0.0,0.0
2018-02-18 02:58:00,,,,,,,,2,,9.5,0,,,dataset2,18/02/2018 02:58:00,56.0,0.82400475,0.0,0.0,0.0
28/12/17 19:46,24.0,rat,28/12/17 19:35,28/12/17 19:46,607.0,1.0,0.0,0,28/12/17 16:44,3.033611111,0,rat,0.0,dataset1,28/12/2017 19:46:00,,,,,
2/10/18 00:50,0.041390374,fast,2/10/18 00:49,2/10/18 00:51,65.0,0.0,1.0,2,2/9/18 17:21,7.485,0,fast,0.0,dataset1,02/10/2018 00:50:00,,,,,
2018-01-31 22:43:00,,,,,,,,1,,5.5,0,,,dataset2,31/01/2018 22:43:00,78.0,1.958751983,0.0,0.0,0.0
2018-01-04 16:49:00,,,,,,,,1,,0.0,0,,,dataset2,04/01/2018 16:49:00,23.0,4.0,0.0,0.0,0.0
2017-12-31 01:45:00,,,,,,,,0,,9.0,0,,,dataset2,31/12/2017 01:45:00,45.0,2.0,0.0,0.0,0.0
14/2/18 22:11,4.0,rat,14/2/18 22:04,14/2/18 22:12,470.0,1.0,0.0,2,14/2/18 17:26,4.765,0,rat,0.0,dataset1,14/02/2018 22:11:00,,,,,
2018-01-04 04:48:00,,,,,,,,1,,12.0,0,,,dataset2,04/01/2018 04:48:00,16.0,0.0,0.0,0.0,0.0
2018-01-03 21:48:00,,,,,,,,1,,5.0,0,,,dataset2,03/01/2018 21:48:00,21.0,3.0,0.0,0.0,0.0
2018-01-03 18:48:00,,,,,,,,1,,2.0,0,,,dataset2,03/01/2018 18:48:00,16.0,3.938021022,0.0,0.0,0.0
2018-02-09 05:20:00,,,,,,,,2,,12.0,0,,,dataset2,09/02/2018 05:20:00,11.0,0.0,1.033333333,1.0,1.0
30/12/17 19:54,24.0,rat,30/12/17 19:50,30/12/17 19:55,215.0,1.0,0.0,0,30/12/17 16:45,3.155833333,0,rat,0.0,dataset1,30/12/2017 19:54:00,,,,,
2018-02-20 04:30:00,,,,,,,,2,,11.0,0,,,dataset2,20/02/2018 04:30:00,10.0,1.0,0.0,0.0,0.0
2018-01-31 20:43:00,,,,,,,,1,,3.5,0,,,dataset2,31/01/2018 20:43:00,113.0,3.0,0.0,0.0,0.0
2/9/18 03:32,21.0,rat,2/9/18 03:28,2/9/18 03:33,211.0,1.0,0.0,2,2/8/18 17:20,10.2025,0,rat,0.0,dataset1,02/09/2018 03:32:00,,,,,
2018-01-28 03:09:00,,,,,,,,1,,10.0,0,,,dataset2,28/01/2018 03:09:00,35.0,1.0,0.0,0.0,0.0
2018-01-01 17:47:00,,,,,,,,1,,1.0,0,,,dataset2,01/01/2018 17:47:00,17.0,4.0,0.0,0.0,0.0
2017-12-27 20:43:00,,,,,,,,0,,4.0,0,,,dataset2,27/12/2017 20:43:00,2.0,3.0,0.0,0.0,0.0
2018-02-07 23:19:00,,,,,,,,2,,6.0,0,,,dataset2,07/02/2018 23:19:00,49.0,2.0,0.0,0.0,0.0
2017-12-30 00:45:00,,,,,,,,0,,8.0,0,,,dataset2,30/12/2017 00:45:00,39.0,2.057747696,0.0,0.0,0.0
5/2/18 23:20,2.0,other,5/2/18 23:13,5/2/18 23:20,448.0,0.0,0.0,2,5/2/18 19:21,3.991666667,0,no_food,0.0,dataset1,05/02/2018 23:20:00,,,,,
28/12/17 03:58,2.0,fast,28/12/17 03:56,28/12/17 04:13,107.0,0.0,1.0,0,27/12/17 16:43,11.26277778,0,fast,0.0,dataset1,28/12/2017 03:58:00,,,,,
2018-02-13 23:25:00,,,,,,,,2,,6.0,0,,,dataset2,13/02/2018 23:25:00,41.0,2.0,0.0,0.0,0.0
2/10/18 19:25,0.097399911,fast,2/10/18 19:24,2/10/18 19:25,13.0,0.0,1.0,2,2/10/18 17:22,2.05,0,fast,0.0,dataset1,02/10/2018 19:25:00,,,,,
5/2/18 02:22,7.0,bat,5/2/18 02:14,5/2/18 02:24,507.0,1.0,0.0,2,5/1/18 19:21,7.024166667,0,bat,0.0,dataset1,05/02/2018 02:22:00,,,,,
2018-01-31 01:12:00,,,,,,,,1,,8.0,0,,,dataset2,31/01/2018 01:12:00,55.0,1.55,0.0,0.0,0.0
2018-01-30 17:42:00,,,,,,,,1,,0.5,0,,,dataset2,30/01/2018 17:42:00,12.0,4.0,0.0,0.0,0.0
2018-02-16 03:26:00,,,,,,,,2,,10.0,0,,,dataset2,16/02/2018 03:26:00,6.0,1.0,0.0,0.0,0.0
28/1/18 19:56,1.0,fast,28/1/18 19:56,28/1/18 20:10,9.0,0.0,1.0,1,28/1/18 17:10,2.770833333,0,fast,0.0,dataset1,28/01/2018 19:56:00,,,,,
2017-12-27 00:13:00,,,,,,,,0,,7.5,0,,,dataset2,27/12/2017 00:13:00,30.0,0.542372881,0.0,0.0,0.0
2018-02-16 02:56:00,,,,,,,,2,,9.5,0,,,dataset2,16/02/2018 02:56:00,25.0,1.0,0.0,0.0,0.0
2018-02-09 00:50:00,,,,,,,,2,,7.5,0,,,dataset2,09/02/2018 00:50:00,41.0,2.0,0.55,1.0,1.0
2/9/18 03:32,9.0,pick,2/9/18 03:28,2/9/18 03:33,246.0,0.0,1.0,2,2/8/18 17:20,10.21222222,0,pick,0.0,dataset1,02/09/2018 03:32:00,,,,,
2/8/18 02:06,1.0,rat,2/8/18 02:05,2/8/18 02:09,80.0,1.0,0.0,2,2/7/18 17:19,8.798611111,0,rat,0.0,dataset1,02/08/2018 02:06:00,,,,,
2018-02-10 04:21:00,,,,,,,,2,,11.0,0,,,dataset2,10/02/2018 04:21:00,34.0,0.0,0.0,0.0,0.0
2018-02-18 21:29:00,,,,,,,,2,,4.0,0,,,dataset2,18/02/2018 21:29:00,52.0,3.0,0.0,0.0,0.0
2018-01-09 01:22:00,,,,,,,,1,,8.5,0,,,dataset2,09/01/2018 01:22:00,58.0,2.0,0.0,0.0,0.0
2017-12-28 01:43:00,,,,,,,,0,,9.0,0,,,dataset2,28/12/2017 01:43:00,37.0,1.107526882,0.0,0.0,0.0
2018-01-10 21:24:00,,,,,,,,1,,4.5,0,,,dataset2,10/01/2018 21:24:00,23.0,2.360655738,0.0,0.0,0.0
2018-02-08 21:20:00,,,,,,,,2,,4.0,0,,,dataset2,08/02/2018 21:20:00,67.0,3.0,0.0,0.0,0.0
2018-02-18 17:29:00,,,,,,,,2,,0.0,0,,,dataset2,18/02/2018 17:29:00,14.0,4.0,0.2,2.0,1.0
2018-02-18 22:59:00,,,,,,,,2,,5.5,0,,,dataset2,18/02/2018 22:59:00,62.0,2.785298784,0.0,0.0,0.0
2018-02-18 20:29:00,,,,,,,,2,,3.0,0,,,dataset2,18/02/2018 20:29:00,71.0,3.266666667,0.0,0.0,0.0
5/1/18 00:32,3.0,fast,5/1/18 00:28,5/1/18 00:44,241.0,0.0,1.0,1,30/4/18 19:20,5.214444444,0,fast,0.0,dataset1,05/01/2018 00:32:00,,,,,
4/2/18 23:16,6.0,pick,4/2/18 23:10,4/2/18 23:18,381.0,0.0,1.0,2,4/2/18 19:01,4.259722222,0,pick,0.0,dataset1,04/02/2018 23:16:00,,,,,
2/10/18 21:46,1.0,rat,2/10/18 21:44,2/10/18 21:51,155.0,1.0,0.0,2,2/10/18 17:22,4.409722222,0,rat,0.0,dataset1,02/10/2018 21:46:00,,,,,
2/10/18 00:49,2.0,rat,2/10/18 00:49,2/10/18 00:51,56.0,1.0,0.0,2,2/9/18 17:21,7.4825,0,rat,0.0,dataset1,02/10/2018 00:49:00,,,,,
28/1/18 20:05,0.034803066,fast,28/1/18 19:56,28/1/18 20:10,569.0,0.0,1.0,1,28/1/18 17:10,2.926388889,0,fast,0.0,dataset1,28/01/2018 20:05:00,,,,,
2018-01-27 19:09:00,,,,,,,,1,,2.0,0,,,dataset2,27/01/2018 19:09:00,18.0,0.0,0.0,0.0,0.0
2018-02-18 23:29:00,,,,,,,,2,,6.0,0,,,dataset2,18/02/2018 23:29:00,59.0,2.295081967,0.0,0.0,0.0
2018-01-01 03:16:00,,,,,,,,1,,10.5,0,,,dataset2,01/01/2018 03:16:00,54.0,1.0,0.0,0.0,0.0
26/12/17 21:26,10.0,rat,26/12/17 21:22,26/12/17 21:27,208.0,1.0,0.0,0,26/12/17 16:43,4.717777778,0,rat,0.0,dataset1,26/12/2017 21:26:00,,,,,
2018-02-03 18:46:00,,,,,,,,2,,1.5,0,,,dataset2,03/02/2018 18:46:00,67.0,3.066740823,0.0,0.0,0.0
2018-02-05 17:18:00,,,,,,,,2,,0.0,0,,,dataset2,05/02/2018 17:18:00,58.0,4.0,0.0,0.0,0.0
2017-12-28 16:44:00,,,,,,,,0,,0.0,0,,,dataset2,28/12/2017 16:44:00,3.0,4.0,0.0,0.0,0.0
5/1/18 00:36,61.0,rat,5/1/18 00:28,5/1/18 00:44,458.0,1.0,0.0,1,30/4/18 19:20,5.274722222,0,rat,0.0,dataset1,05/01/2018 00:36:00,,,,,
2018-02-17 00:57:00,,,,,,,,2,,7.5,0,,,dataset2,17/02/2018 00:57:00,59.0,2.0,0.0,0.0,0.0
5/1/18 00:44,52.0,bat,5/1/18 00:28,5/1/18 00:44,938.0,1.0,0.0,1,30/4/18 19:20,5.408055556,0,bat_fight,1.0,dataset1,05/01/2018 00:44:00,,,,,
1/10/18 04:12,1.0,rat,1/10/18 04:07,1/10/18 04:15,306.0,1.0,0.0,1,1/9/18 16:53,11.32222222,0,rat,0.0,dataset1,01/10/2018 04:12:00,,,,,
2018-02-09 23:51:00,,,,,,,,2,,6.5,0,,,dataset2,09/02/2018 23:51:00,81.0,1.903225806,0.0,0.0,0.0
2018-02-05 19:48:00,,,,,,,,2,,2.5,0,,,dataset2,05/02/2018 19:48:00,86.0,3.054630593,0.0,0.0,0.0
2018-02-04 23:47:00,,,,,,,,2,,6.5,0,,,dataset2,04/02/2018 23:47:00,94.0,0.967495899,0.0,0.0,0.0
2018-02-07 22:49:00,,,,,,,,2,,5.5,0,,,dataset2,07/02/2018 22:49:00,65.0,2.050611791,2.433333333,2.0,1.0
2018-02-08 03:49:00,,,,,,,,2,,10.5,0,,,dataset2,08/02/2018 03:49:00,19.0,0.0,0.0,0.0,0.0
2018-01-28 23:10:00,,,,,,,,1,,6.0,0,,,dataset2,28/01/2018 23:10:00,64.0,2.631578947,0.0,0.0,0.0
2018-01-11 01:54:00,,,,,,,,1,,9.0,0,,,dataset2,11/01/2018 01:54:00,34.0,1.0,1.15,1.0,1.0
2018-02-08 18:50:00,,,,,,,,2,,1.5,0,,,dataset2,08/02/2018 18:50:00,45.0,4.0,0.0,0.0,0.0
2018-02-09 21:51:00,,,,,,,,2,,4.5,0,,,dataset2,09/02/2018 21:51:00,91.0,2.024603609,0.0,0.0,0.0
2018-01-10 17:24:00,,,,,,,,1,,0.5,0,,,dataset2,10/01/2018 17:24:00,7.0,4.0,0.0,0.0,0.0
27/1/18 23:48,2.0,fast,27/1/18 23:44,27/1/18 23:50,231.0,0.0,1.0,1,27/1/18 17:09,6.651944444,0,fast,0.0,dataset1,27/01/2018 23:48:00,,,,,
2017-12-28 20:14:00,,,,,,,,0,,3.5,0,,,dataset2,28/12/2017 20:14:00,32.0,3.0,0.0,0.0,0.0
2018-02-16 22:57:00,,,,,,,,2,,5.5,0,,,dataset2,16/02/2018 22:57:00,70.0,2.796774194,0.0,0.0,0.0
2018-01-31 20:13:00,,,,,,,,1,,3.0,0,,,dataset2,31/01/2018 20:13:00,84.0,3.0,0.0,0.0,0.0
5/2/18 01:35,2.0,rat,5/2/18 01:34,5/2/18 01:36,99.0,1.0,0.0,2,5/1/18 19:21,6.248333333,0,rat,0.0,dataset1,05/02/2018 01:35:00,,,,,
2017-12-30 03:45:00,,,,,,,,0,,11.0,0,,,dataset2,30/12/2017 03:45:00,13.0,0.943074004,0.0,0.0,0.0
2018-01-28 00:39:00,,,,,,,,1,,7.5,0,,,dataset2,28/01/2018 00:39:00,48.0,2.062096774,0.0,0.0,0.0
2017-12-29 03:44:00,,,,,,,,0,,11.0,0,,,dataset2,29/12/2017 03:44:00,18.0,0.15625,0.9,1.0,1.0
2018-02-18 17:59:00,,,,,,,,2,,0.5,0,,,dataset2,18/02/2018 17:59:00,9.0,4.0,0.0,0.0,0.0
2018-02-16 17:57:00,,,,,,,,2,,0.5,0,,,dataset2,16/02/2018 17:57:00,3.0,4.0,0.0,0.0,0.0
2018-02-07 21:19:00,,,,,,,,2,,4.0,0,,,dataset2,07/02/2018 21:19:00,69.0,3.0,0.0,0.0,0.0
2018-02-07 23:49:00,,,,,,,,2,,6.5,0,,,dataset2,07/02/2018 23:49:00,58.0,2.0,0.0,0.0,0.0
2017-12-26 21:13:00,,,,,,,,0,,4.5,0,,,dataset2,26/12/2017 21:13:00,53.0,2.561403509,4.866666667,1.0,1.0
2018-01-27 19:39:00,,,,,,,,1,,2.5,0,,,dataset2,27/01/2018 19:39:00,68.0,4.0,0.0,0.0,0.0
4/2/18 22:09,7.0,rat,4/2/18 21:58,4/2/18 22:09,662.0,1.0,0.0,2,4/2/18 19:01,3.138055556,0,rat,0.0,dataset1,04/02/2018 22:09:00,,,,,
2017-12-27 21:13:00,,,,,,,,0,,4.5,0,,,dataset2,27/12/2017 21:13:00,25.0,3.0,0.0,0.0,0.0
2017-12-31 23:16:00,,,,,,,,0,,6.5,0,,,dataset2,31/12/2017 23:16:00,28.0,2.483333333,0.0,0.0,0.0
2018-01-28 00:09:00,,,,,,,,1,,7.0,0,,,dataset2,28/01/2018 00:09:00,62.0,2.3,0.0,0.0,0.0
2018-02-12 06:53:00,,,,,,,,2,,13.5,0,,,dataset2,12/02/2018 06:53:00,2.0,0.0,1.416666667,1.0,1.0
2018-01-28 04:39:00,,,,,,,,1,,11.5,0,,,dataset2,28/01/2018 04:39:00,9.0,1.0,0.0,0.0,0.0
2018-02-02 22:15:00,,,,,,,,2,,5.0,0,,,dataset2,02/02/2018 22:15:00,60.0,0.602739726,0.133333333,1.0,1.0
2018-02-16 23:27:00,,,,,,,,2,,6.0,0,,,dataset2,16/02/2018 23:27:00,41.0,2.3,0.0,0.0,0.0
2018-02-19 21:30:00,,,,,,,,2,,4.0,0,,,dataset2,19/02/2018 21:30:00,90.0,3.0,0.0,0.0,0.0
2018-02-19 22:30:00,,,,,,,,2,,5.0,0,,,dataset2,19/02/2018 22:30:00,81.0,3.0,0.0,0.0,0.0
2018-02-17 05:57:00,,,,,,,,2,,12.5,0,,,dataset2,17/02/2018 05:57:00,2.0,0.0,0.0,0.0,0.0
5/1/18 00:07,4.0,bat,5/1/18 00:06,5/1/18 00:09,50.0,1.0,0.0,1,30/4/18 19:20,4.783333333,0,bat_fight,1.0,dataset1,05/01/2018 00:07:00,,,,,
2018-01-08 23:52:00,,,,,,,,1,,7.0,0,,,dataset2,08/01/2018 23:52:00,51.0,2.040582726,0.0,0.0,0.0
26/12/17 21:24,15.0,rat,26/12/17 21:22,26/12/17 21:27,88.0,1.0,0.0,0,26/12/17 16:43,4.684444444,0,rat,0.0,dataset1,26/12/2017 21:24:00,,,,,
2018-02-19 18:30:00,,,,,,,,2,,1.0,0,,,dataset2,19/02/2018 18:30:00,22.0,4.0,0.0,0.0,0.0
2018-01-08 18:22:00,,,,,,,,1,,1.5,0,,,dataset2,08/01/2018 18:22:00,12.0,4.0,0.0,0.0,0.0
2018-02-12 17:54:00,,,,,,,,2,,0.5,0,,,dataset2,12/02/2018 17:54:00,6.0,4.0,0.0,0.0,0.0
2018-01-03 22:48:00,,,,,,,,1,,6.0,0,,,dataset2,03/01/2018 22:48:00,40.0,2.9243604,0.0,0.0,0.0
2018-01-01 04:46:00,,,,,,,,1,,12.0,0,,,dataset2,01/01/2018 04:46:00,27.0,1.0,0.0,0.0,0.0
2017-12-29 20:15:00,,,,,,,,0,,3.5,0,,,dataset2,29/12/2017 20:15:00,15.0,3.0,0.0,0.0,0.0
2018-02-01 22:14:00,,,,,,,,2,,5.0,0,,,dataset2,01/02/2018 22:14:00,81.0,2.524590164,0.0,0.0,0.0
2017-12-26 23:13:00,,,,,,,,0,,6.5,0,,,dataset2,26/12/2017 23:13:00,30.0,1.55,0.0,0.0,0.0
2018-01-09 22:23:00,,,,,,,,1,,5.5,0,,,dataset2,09/01/2018 22:23:00,30.0,4.0,0.0,0.0,0.0
2018-02-11 19:23:00,,,,,,,,2,,2.0,0,,,dataset2,11/02/2018 19:23:00,43.0,3.436363636,0.0,0.0,0.0
2018-02-16 03:56:00,,,,,,,,2,,10.5,0,,,dataset2,16/02/2018 03:56:00,10.0,1.0,0.0,0.0,0.0
2/11/18 01:57,24.0,rat,2/11/18 01:52,2/11/18 01:58,286.0,1.0,0.0,2,2/10/18 17:22,8.594722222,0,rat,0.0,dataset1,02/11/2018 01:57:00,,,,,
2018-01-09 02:22:00,,,,,,,,1,,9.5,0,,,dataset2,09/01/2018 02:22:00,27.0,1.383333333,0.0,0.0,0.0
2018-01-28 18:10:00,,,,,,,,1,,1.0,0,,,dataset2,28/01/2018 18:10:00,18.0,4.0,0.0,0.0,0.0
5/2/18 00:47,2.0,pick,5/2/18 00:46,5/2/18 00:58,10.0,0.0,1.0,2,5/1/18 19:21,5.434166667,0,pick,0.0,dataset1,05/02/2018 00:47:00,,,,,
2018-02-15 02:26:00,,,,,,,,2,,9.0,0,,,dataset2,15/02/2018 02:26:00,36.0,0.0,0.583333333,2.0,1.0
2018-01-02 02:47:00,,,,,,,,1,,10.0,0,,,dataset2,02/01/2018 02:47:00,32.0,0.0,0.0,0.0,0.0
2018-02-08 05:49:00,,,,,,,,2,,12.5,0,,,dataset2,08/02/2018 05:49:00,1.0,0.0,0.0,0.0,0.0
2017-12-29 17:15:00,,,,,,,,0,,0.5,0,,,dataset2,29/12/2017 17:15:00,14.0,4.0,0.0,0.0,0.0
2/11/18 01:55,3.0,rat,2/11/18 01:52,2/11/18 01:58,132.0,1.0,0.0,2,2/10/18 17:22,8.551944444,0,rat,0.0,dataset1,02/11/2018 01:55:00,,,,,
28/12/17 19:36,1.0,fast,28/12/17 19:35,28/12/17 19:46,14.0,0.0,1.0,0,28/12/17 16:44,2.868888889,0,fast,0.0,dataset1,28/12/2017 19:36:00,,,,,
2/8/18 02:08,4.0,rat,2/8/18 02:05,2/8/18 02:09,200.0,1.0,0.0,2,2/7/18 17:19,8.831944444,0,rat,0.0,dataset1,02/08/2018 02:08:00,,,,,
2018-01-05 01:49:00,,,,,,,,1,,9.0,0,,,dataset2,05/01/2018 01:49:00,25.0,1.036085293,0.0,0.0,0.0
2018-02-14 03:55:00,,,,,,,,2,,10.5,0,,,dataset2,14/02/2018 03:55:00,15.0,0.0,0.0,0.0,0.0
2018-01-28 19:40:00,,,,,,,,1,,2.5,0,,,dataset2,28/01/2018 19:40:00,40.0,3.970430108,13.9,1.0,1.0
2017-12-31 06:15:00,,,,,,,,0,,13.5,0,,,dataset2,31/12/2017 06:15:00,5.0,1.0,0.0,0.0,0.0
2017-12-28 20:44:00,,,,,,,,0,,4.0,0,,,dataset2,28/12/2017 20:44:00,29.0,3.0,0.0,0.0,0.0
2018-02-11 17:23:00,,,,,,,,2,,0.0,0,,,dataset2,11/02/2018 17:23:00,9.0,4.0,0.0,0.0,0.0
4/2/18 22:09,6.0,rat,4/2/18 21:58,4/2/18 22:09,673.0,1.0,0.0,2,4/2/18 19:01,3.141111111,0,rat,0.0,dataset1,04/02/2018 22:09:00,,,,,
28/1/18 20:06,1.0,fast,28/1/18 19:56,28/1/18 20:10,631.0,0.0,1.0,1,28/1/18 17:10,2.943611111,0,fast,0.0,dataset1,28/01/2018 20:06:00,,,,,
2018-01-01 19:17:00,,,,,,,,1,,2.5,0,,,dataset2,01/01/2018 19:17:00,32.0,3.5,0.0,0.0,0.0
5/1/18 00:35,13.0,fast,5/1/18 00:28,5/1/18 00:44,377.0,0.0,1.0,1,30/4/18 19:20,5.252222222,0,fast,0.0,dataset1,05/01/2018 00:35:00,,,,,
2018-01-04 05:48:00,,,,,,,,1,,13.0,0,,,dataset2,04/01/2018 05:48:00,2.0,0.0,0.0,0.0,0.0
2018-01-31 03:12:00,,,,,,,,1,,10.0,0,,,dataset2,31/01/2018 03:12:00,18.0,0.0,0.0,0.0,0.0
2018-02-03 22:46:00,,,,,,,,2,,5.5,0,,,dataset2,03/02/2018 22:46:00,43.0,1.0,0.0,0.0,0.0
2017-12-30 05:15:00,,,,,,,,0,,12.5,0,,,dataset2,30/12/2017 05:15:00,7.0,0.0,0.0,0.0,0.0
14/2/18 22:50,2.0,rat,14/2/18 22:43,14/2/18 22:52,420.0,1.0,0.0,2,14/2/18 17:26,5.406388889,0,rat,0.0,dataset1,14/02/2018 22:50:00,,,,,
2018-02-01 17:44:00,,,,,,,,2,,0.5,0,,,dataset2,01/02/2018 17:44:00,25.0,4.0,0.0,0.0,0.0
5/2/18 00:51,6.0,rat,5/2/18 00:46,5/2/18 00:58,280.0,1.0,0.0,2,5/1/18 19:21,5.509166667,0,bat_and_rat,0.0,dataset1,05/02/2018 00:51:00,,,,,
2018-02-19 04:29:00,,,,,,,,2,,11.0,0,,,dataset2,19/02/2018 04:29:00,5.0,0.0,0.0,0.0,0.0
2017-12-30 19:15:00,,,,,,,,0,,2.5,0,,,dataset2,30/12/2017 19:15:00,35.0,3.526315789,0.0,0.0,0.0
2017-12-30 04:45:00,,,,,,,,0,,12.0,0,,,dataset2,30/12/2017 04:45:00,7.0,0.169117647,0.0,0.0,0.0
2018-01-30 20:12:00,,,,,,,,1,,3.0,0,,,dataset2,30/01/2018 20:12:00,59.0,3.0,0.0,0.0,0.0
2018-02-10 03:51:00,,,,,,,,2,,10.5,0,,,dataset2,10/02/2018 03:51:00,33.0,0.075,0.0,0.0,0.0
28/12/17 04:02,2.0,fast,28/12/17 03:56,28/12/17 04:13,358.0,0.0,1.0,0,27/12/17 16:43,11.3325,0,fast,0.0,dataset1,28/12/2017 04:02:00,,,,,
5/2/18 00:50,106.0,pick,5/2/18 00:46,5/2/18 00:58,204.0,1.0,1.0,2,5/1/18 19:21,5.488055556,0,pick_eating_all,0.0,dataset1,05/02/2018 00:50:00,,,,,
2018-02-10 00:21:00,,,,,,,,2,,7.0,0,,,dataset2,10/02/2018 00:21:00,83.0,1.421052632,4.1,3.0,1.0
2018-02-17 23:58:00,,,,,,,,2,,6.5,0,,,dataset2,17/02/2018 23:58:00,72.0,2.003225806,0.0,0.0,0.0
2018-01-10 04:23:00,,,,,,,,1,,11.5,0,,,dataset2,10/01/2018 04:23:00,23.0,2.366666667,0.0,0.0,0.0
5/1/18 00:33,2.0,fast,5/1/18 00:28,5/1/18 00:44,271.0,0.0,1.0,1,30/4/18 19:20,5.222777778,0,fast,0.0,dataset1,05/01/2018 00:33:00,,,,,
2017-12-27 23:13:00,,,,,,,,0,,6.5,0,,,dataset2,27/12/2017 23:13:00,17.0,2.0,0.0,0.0,0.0
2018-01-09 18:53:00,,,,,,,,1,,2.0,0,,,dataset2,09/01/2018 18:53:00,26.0,4.0,0.0,0.0,0.0
2018-01-01 22:47:00,,,,,,,,1,,6.0,0,,,dataset2,01/01/2018 22:47:00,66.0,2.920395421,0.0,0.0,0.0
2017-12-29 21:45:00,,,,,,,,0,,5.0,0,,,dataset2,29/12/2017 21:45:00,45.0,3.0,0.0,0.0,0.0
2018-02-15 02:56:00,,,,,,,,2,,9.5,0,,,dataset2,15/02/2018 02:56:00,46.0,0.0,0.0,0.0,0.0
2018-02-10 02:51:00,,,,,,,,2,,9.5,0,,,dataset2,10/02/2018 02:51:00,18.0,0.875806452,4.716666667,1.0,1.0
15/2/18 19:31,1.0,fast,15/2/18 19:30,15/2/18 19:31,30.0,0.0,1.0,2,15/2/18 17:26,2.085833333,0,fast,0.0,dataset1,15/02/2018 19:31:00,,,,,
5/1/18 00:31,2.0,fast,5/1/18 00:28,5/1/18 00:44,177.0,0.0,1.0,1,30/4/18 19:20,5.196666667,0,fast,0.0,dataset1,05/01/2018 00:31:00,,,,,
2018-02-12 03:53:00,,,,,,,,2,,10.5,0,,,dataset2,12/02/2018 03:53:00,18.0,0.066666667,0.0,0.0,0.0
28/1/18 20:05,1.0,fast,28/1/18 19:56,28/1/18 20:10,551.0,0.0,1.0,1,28/1/18 17:10,2.921388889,0,fast,0.0,dataset1,28/01/2018 20:05:00,,,,,
2018-02-15 18:26:00,,,,,,,,2,,1.0,0,,,dataset2,15/02/2018 18:26:00,29.0,4.0,7.833333333,5.0,1.0
2018-01-05 22:50:00,,,,,,,,1,,6.0,0,,,dataset2,05/01/2018 22:50:00,57.0,3.276923077,0.0,0.0,0.0
2018-01-09 02:52:00,,,,,,,,1,,10.0,0,,,dataset2,09/01/2018 02:52:00,44.0,1.019354839,0.0,0.0,0.0
2018-02-07 18:19:00,,,,,,,,2,,1.0,0,,,dataset2,07/02/2018 18:19:00,29.0,4.0,10.48333333,5.0,1.0
2018-01-06 02:20:00,,,,,,,,1,,9.5,0,,,dataset2,06/01/2018 02:20:00,31.0,2.0,0.0,0.0,0.0
2017-12-31 03:45:00,,,,,,,,0,,11.0,0,,,dataset2,31/12/2017 03:45:00,17.0,1.083652269,0.0,0.0,0.0
30/12/17 18:37,16.0,rat,30/12/17 18:35,30/12/17 18:38,108.0,1.0,0.0,0,30/12/17 16:45,1.870833333,0,rat,0.0,dataset1,30/12/2017 18:37:00,,,,,
14/2/18 22:51,0.061201372,rat,14/2/18 22:43,14/2/18 22:52,512.0,1.0,0.0,2,14/2/18 17:26,5.431944444,0,rat,0.0,dataset1,14/02/2018 22:51:00,,,,,
2018-02-14 22:26:00,,,,,,,,2,,5.0,0,,,dataset2,14/02/2018 22:26:00,103.0,2.0,3.3,6.0,1.0
2017-12-28 01:13:00,,,,,,,,0,,8.5,0,,,dataset2,28/12/2017 01:13:00,40.0,1.555555556,0.0,0.0,0.0
2018-01-09 20:53:00,,,,,,,,1,,4.0,0,,,dataset2,09/01/2018 20:53:00,16.0,4.0,0.0,0.0,0.0
2018-02-18 21:59:00,,,,,,,,2,,4.5,0,,,dataset2,18/02/2018 21:59:00,60.0,3.0,0.0,0.0,0.0
2017-12-31 00:15:00,,,,,,,,0,,7.5,0,,,dataset2,31/12/2017 00:15:00,45.0,2.516666667,0.0,0.0,0.0
2018-01-30 18:42:00,,,,,,,,1,,1.5,0,,,dataset2,30/01/2018 18:42:00,38.0,3.958751983,0.0,0.0,0.0
2018-01-27 21:09:00,,,,,,,,1,,4.0,0,,,dataset2,27/01/2018 21:09:00,72.0,4.0,0.0,0.0,0.0
2018-02-08 03:19:00,,,,,,,,2,,10.0,0,,,dataset2,08/02/2018 03:19:00,14.0,0.0,4.216666667,1.0,1.0
2018-01-06 06:20:00,,,,,,,,1,,13.5,0,,,dataset2,06/01/2018 06:20:00,1.0,1.0,0.0,0.0,0.0
2017-12-26 21:43:00,,,,,,,,0,,5.0,0,,,dataset2,26/12/2017 21:43:00,47.0,2.086587436,7.9,1.0,1.0
2018-02-14 06:25:00,,,,,,,,2,,13.0,0,,,dataset2,14/02/2018 06:25:00,2.0,0.0,1.866666667,1.0,1.0
2018-02-13 20:55:00,,,,,,,,2,,3.5,0,,,dataset2,13/02/2018 20:55:00,62.0,3.011290323,0.0,0.0,0.0
2018-02-14 05:55:00,,,,,,,,2,,12.5,0,,,dataset2,14/02/2018 05:55:00,3.0,0.0,5.4,1.0,1.0
27/1/18 23:45,6.0,rat,27/1/18 23:44,27/1/18 23:50,49.0,1.0,0.0,1,27/1/18 17:09,6.601388889,0,rat,0.0,dataset1,27/01/2018 23:45:00,,,,,
2018-02-02 18:45:00,,,,,,,,2,,1.5,0,,,dataset2,02/02/2018 18:45:00,45.0,4.0,0.0,0.0,0.0
2/8/18 02:07,4.0,rat,2/8/18 02:05,2/8/18 02:09,116.0,1.0,0.0,2,2/7/18 17:19,8.808611111,0,rat,0.0,dataset1,02/08/2018 02:07:00,,,,,
2017-12-27 19:13:00,,,,,,,,0,,2.5,0,,,dataset2,27/12/2017 19:13:00,30.0,3.566666667,0.0,0.0,0.0
2018-01-01 02:46:00,,,,,,,,1,,10.0,0,,,dataset2,01/01/2018 02:46:00,38.0,1.056451613,0.0,0.0,0.0
2018-01-04 20:19:00,,,,,,,,1,,3.5,0,,,dataset2,04/01/2018 20:19:00,30.0,3.0,0.0,0.0,0.0
2018-02-14 23:26:00,,,,,,,,2,,6.0,0,,,dataset2,14/02/2018 23:26:00,41.0,1.339285714,0.0,0.0,0.0
2018-02-09 20:51:00,,,,,,,,2,,3.5,0,,,dataset2,09/02/2018 20:51:00,67.0,2.88518316,0.0,0.0,0.0
2018-02-12 05:23:00,,,,,,,,2,,12.0,0,,,dataset2,12/02/2018 05:23:00,8.0,0.0,0.0,0.0,0.0
2018-02-16 02:26:00,,,,,,,,2,,9.0,0,,,dataset2,16/02/2018 02:26:00,34.0,1.0,0.0,0.0,0.0
2017-12-31 16:46:00,,,,,,,,0,,0.0,0,,,dataset2,31/12/2017 16:46:00,4.0,4.0,0.0,0.0,0.0
2018-02-05 22:18:00,,,,,,,,2,,5.0,0,,,dataset2,05/02/2018 22:18:00,82.0,2.0,0.0,0.0,0.0
2018-01-05 02:49:00,,,,,,,,1,,10.0,0,,,dataset2,05/01/2018 02:49:00,26.0,1.0,0.316666667,1.0,1.0
2018-02-05 19:18:00,,,,,,,,2,,2.0,0,,,dataset2,05/02/2018 19:18:00,69.0,3.467741935,0.0,0.0,0.0
2018-02-19 00:29:00,,,,,,,,2,,7.0,0,,,dataset2,19/02/2018 00:29:00,39.0,2.0,3.616666667,1.0,1.0
2018-02-04 20:47:00,,,,,,,,2,,3.5,0,,,dataset2,04/02/2018 20:47:00,62.0,3.0,0.0,0.0,0.0
2018-02-11 23:53:00,,,,,,,,2,,6.5,0,,,dataset2,11/02/2018 23:53:00,61.0,2.0,0.0,0.0,0.0
26/12/17 21:26,1.0,bat,26/12/17 21:22,26/12/17 21:27,216.0,1.0,0.0,0,26/12/17 16:43,4.72,0,bat_fight,1.0,dataset1,26/12/2017 21:26:00,,,,,
2017-12-30 19:45:00,,,,,,,,0,,3.0,0,,,dataset2,30/12/2017 19:45:00,37.0,3.067911715,5.0,1.0,1.0
2018-01-08 17:22:00,,,,,,,,1,,0.5,0,,,dataset2,08/01/2018 17:22:00,9.0,4.0,0.0,0.0,0.0
5/1/18 00:06,36.0,rat,5/1/18 00:06,5/1/18 00:09,0.0,1.0,0.0,1,30/4/18 19:20,4.769444444,0,bat_and_rat,0.0,dataset1,05/01/2018 00:06:00,,,,,
2018-02-09 03:50:00,,,,,,,,2,,10.5,0,,,dataset2,09/02/2018 03:50:00,17.0,1.0,1.066666667,2.0,1.0
2018-02-19 23:00:00,,,,,,,,2,,5.5,0,,,dataset2,19/02/2018 23:00:00,58.0,2.774193548,0.0,0.0,0.0
2018-01-01 20:17:00,,,,,,,,1,,3.5,0,,,dataset2,01/01/2018 20:17:00,16.0,3.0,0.0,0.0,0.0
2017-12-30 04:15:00,,,,,,,,0,,11.5,0,,,dataset2,30/12/2017 04:15:00,16.0,0.558823529,0.0,0.0,0.0
2018-02-08 01:49:00,,,,,,,,2,,8.5,0,,,dataset2,08/02/2018 01:49:00,53.0,1.037351443,4.166666667,2.0,1.0
5/2/18 00:51,2.0,bat,5/2/18 00:46,5/2/18 00:58,253.0,1.0,0.0,2,5/1/18 19:21,5.501666667,0,bat_fight,1.0,dataset1,05/02/2018 00:51:00,,,,,
2018-01-01 05:16:00,,,,,,,,1,,12.5,0,,,dataset2,01/01/2018 05:16:00,22.0,1.0,0.0,0.0,0.0
2018-01-05 21:50:00,,,,,,,,1,,5.0,0,,,dataset2,05/01/2018 21:50:00,3.0,3.998511166,0.0,0.0,0.0
2018-02-12 18:24:00,,,,,,,,2,,1.0,0,,,dataset2,12/02/2018 18:24:00,28.0,4.0,0.0,0.0,0.0
2018-02-10 22:22:00,,,,,,,,2,,5.0,0,,,dataset2,10/02/2018 22:22:00,75.0,2.383333333,0.0,0.0,0.0
2/11/18 01:56,1.0,fast,2/11/18 01:52,2/11/18 01:58,242.0,0.0,1.0,2,2/10/18 17:22,8.5825,0,fast,0.0,dataset1,02/11/2018 01:56:00,,,,,
2018-02-14 18:56:00,,,,,,,,2,,1.5,0,,,dataset2,14/02/2018 18:56:00,52.0,3.934863524,0.0,0.0,0.0
2018-02-17 04:57:00,,,,,,,,2,,11.5,0,,,dataset2,17/02/2018 04:57:00,10.0,1.0,0.266666667,1.0,1.0
2018-02-01 20:14:00,,,,,,,,2,,3.0,0,,,dataset2,01/02/2018 20:14:00,56.0,3.0,0.0,0.0,0.0
2018-01-10 05:53:00,,,,,,,,1,,13.0,0,,,dataset2,10/01/2018 05:53:00,4.0,1.851612903,0.0,0.0,0.0
2017-12-27 22:43:00,,,,,,,,0,,6.0,0,,,dataset2,27/12/2017 22:43:00,61.0,2.112903226,0.0,0.0,0.0
2018-02-17 22:28:00,,,,,,,,2,,5.0,0,,,dataset2,17/02/2018 22:28:00,63.0,3.0,0.0,0.0,0.0
2017-12-31 18:16:00,,,,,,,,0,,1.5,0,,,dataset2,31/12/2017 18:16:00,14.0,3.723839496,0.0,0.0,0.0
16/2/18 22:21,2.0,rat,16/2/18 22:18,16/2/18 22:22,201.0,1.0,0.0,2,16/2/18 17:27,4.909166667,0,rat,0.0,dataset1,16/02/2018 22:21:00,,,,,
2018-01-01 01:16:00,,,,,,,,1,,8.5,0,,,dataset2,01/01/2018 01:16:00,31.0,2.0,0.0,0.0,0.0
26/12/17 21:25,6.0,pick,26/12/17 21:22,26/12/17 21:27,153.0,0.0,1.0,0,26/12/17 16:43,4.7025,0,pick,0.0,dataset1,26/12/2017 21:25:00,,,,,
2018-02-01 17:14:00,,,,,,,,2,,0.0,0,,,dataset2,01/02/2018 17:14:00,29.0,4.0,0.0,0.0,0.0
2017-12-28 00:13:00,,,,,,,,0,,7.5,0,,,dataset2,28/12/2017 00:13:00,11.0,2.0,0.0,0.0,0.0
2018-01-01 20:47:00,,,,,,,,1,,4.0,0,,,dataset2,01/01/2018 20:47:00,62.0,3.0,0.0,0.0,0.0
15/2/18 18:52,6.0,bat,15/2/18 18:49,15/2/18 18:55,179.0,1.0,0.0,2,15/2/18 17:26,1.440277778,0,bat,0.0,dataset1,15/02/2018 18:52:00,,,,,
2018-02-01 19:14:00,,,,,,,,2,,2.0,0,,,dataset2,01/02/2018 19:14:00,46.0,3.540983607,0.0,0.0,0.0
2/10/18 00:44,2.0,pick,2/10/18 00:43,2/10/18 00:45,80.0,0.0,1.0,2,2/9/18 17:21,7.391388889,0,pick,0.0,dataset1,02/10/2018 00:44:00,,,,,
2018-02-10 00:51:00,,,,,,,,2,,7.5,0,,,dataset2,10/02/2018 00:51:00,51.0,1.025466893,0.783333333,1.0,1.0
2018-01-30 23:42:00,,,,,,,,1,,6.5,0,,,dataset2,30/01/2018 23:42:00,77.0,2.0,0.0,0.0,0.0
2018-01-05 01:19:00,,,,,,,,1,,8.5,0,,,dataset2,05/01/2018 01:19:00,17.0,1.440677966,3.266666667,1.0,1.0
2018-02-11 00:52:00,,,,,,,,2,,7.5,0,,,dataset2,11/02/2018 00:52:00,49.0,1.024193548,1.383333333,1.0,1.0
2/9/18 03:31,1.0,rat,2/9/18 03:28,2/9/18 03:33,146.0,1.0,0.0,2,2/8/18 17:20,10.18444444,0,rat,0.0,dataset1,02/09/2018 03:31:00,,,,,
2018-01-04 00:18:00,,,,,,,,1,,7.5,0,,,dataset2,04/01/2018 00:18:00,23.0,2.0,0.0,0.0,0.0
2017-12-27 01:13:00,,,,,,,,0,,8.5,0,,,dataset2,27/12/2017 01:13:00,16.0,0.0,6.683333333,1.0,1.0
2018-02-13 06:24:00,,,,,,,,2,,13.0,0,,,dataset2,13/02/2018 06:24:00,4.0,0.0,0.0,0.0,0.0
28/1/18 20:03,1.0,rat,28/1/18 19:56,28/1/18 20:10,456.0,1.0,0.0,1,28/1/18 17:10,2.895,0,rat,0.0,dataset1,28/01/2018 20:03:00,,,,,
2018-02-19 17:30:00,,,,,,,,2,,0.0,0,,,dataset2,19/02/2018 17:30:00,9.0,4.0,0.0,0.0,0.0
2018-01-10 02:23:00,,,,,,,,1,,9.5,0,,,dataset2,10/01/2018 02:23:00,39.0,3.0,0.0,0.0,0.0
2018-01-04 02:18:00,,,,,,,,1,,9.5,0,,,dataset2,04/01/2018 02:18:00,17.0,1.5,0.0,0.0,0.0
2017-12-27 18:43:00,,,,,,,,0,,2.0,0,,,dataset2,27/12/2017 18:43:00,24.0,3.964516129,0.0,0.0,0.0
2018-02-08 00:19:00,,,,,,,,2,,7.0,0,,,dataset2,08/02/2018 00:19:00,40.0,2.0,0.0,0.0,0.0
2018-02-19 23:30:00,,,,,,,,2,,6.0,0,,,dataset2,19/02/2018 23:30:00,55.0,2.25862069,0.0,0.0,0.0
2018-01-10 16:54:00,,,,,,,,1,,0.0,0,,,dataset2,10/01/2018 16:54:00,4.0,4.0,0.0,0.0,0.0
2018-01-30 18:12:00,,,,,,,,1,,1.0,0,,,dataset2,30/01/2018 18:12:00,26.0,4.0,0.0,0.0,0.0
2018-02-20 00:00:00,,,,,,,,2,,6.5,0,,,dataset2,20/02/2018 00:00:00,32.0,2.0,0.0,0.0,0.0
2018-02-08 05:19:00,,,,,,,,2,,12.0,0,,,dataset2,08/02/2018 05:19:00,5.0,0.0,0.0,0.0,0.0
2018-02-15 21:56:00,,,,,,,,2,,4.5,0,,,dataset2,15/02/2018 21:56:00,50.0,2.830905307,0.0,0.0,0.0
2018-02-10 21:22:00,,,,,,,,2,,4.0,0,,,dataset2,10/02/2018 21:22:00,92.0,3.0,3.633333333,8.0,1.0
2018-02-11 02:22:00,,,,,,,,2,,9.0,0,,,dataset2,11/02/2018 02:22:00,51.0,0.396551724,0.0,0.0,0.0
2018-01-01 22:17:00,,,,,,,,1,,5.5,0,,,dataset2,01/01/2018 22:17:00,50.0,3.0,0.0,0.0,0.0
2018-02-16 00:26:00,,,,,,,,2,,7.0,0,,,dataset2,16/02/2018 00:26:00,43.0,2.0,0.0,0.0,0.0
2018-02-16 05:26:00,,,,,,,,2,,12.0,0,,,dataset2,16/02/2018 05:26:00,2.0,0.0,0.0,0.0,0.0
2018-01-31 21:43:00,,,,,,,,1,,4.5,0,,,dataset2,31/01/2018 21:43:00,78.0,2.169354839,0.0,0.0,0.0
2018-02-20 00:30:00,,,,,,,,2,,7.0,0,,,dataset2,20/02/2018 00:30:00,37.0,2.0,0.0,0.0,0.0
2018-02-15 00:56:00,,,,,,,,2,,7.5,0,,,dataset2,15/02/2018 00:56:00,34.0,0.828133263,0.0,0.0,0.0
4/2/18 22:09,18.0,pick,4/2/18 21:58,4/2/18 22:09,668.0,0.0,1.0,2,4/2/18 19:01,3.139722222,0,pick,0.0,dataset1,04/02/2018 22:09:00,,,,,
2017-12-31 19:46:00,,,,,,,,0,,3.0,0,,,dataset2,31/12/2017 19:46:00,19.0,3.0,0.0,0.0,0.0
2018-02-08 02:19:00,,,,,,,,2,,9.0,0,,,dataset2,08/02/2018 02:19:00,24.0,1.0,0.0,0.0,0.0
2018-02-17 04:27:00,,,,,,,,2,,11.0,0,,,dataset2,17/02/2018 04:27:00,17.0,1.0,0.0,0.0,0.0
2017-12-31 20:46:00,,,,,,,,0,,4.0,0,,,dataset2,31/12/2017 20:46:00,24.0,3.0,0.0,0.0,0.0
2018-02-09 00:20:00,,,,,,,,2,,7.0,0,,,dataset2,09/02/2018 00:20:00,46.0,2.0,1.133333333,2.0,1.0
2018-02-10 20:52:00,,,,,,,,2,,3.5,0,,,dataset2,10/02/2018 20:52:00,85.0,3.033794163,2.8,7.0,1.0
2017-12-31 05:15:00,,,,,,,,0,,12.5,0,,,dataset2,31/12/2017 05:15:00,6.0,1.0,0.0,0.0,0.0
2018-02-13 04:24:00,,,,,,,,2,,11.0,0,,,dataset2,13/02/2018 04:24:00,20.0,0.0,0.0,0.0,0.0
2018-02-18 18:59:00,,,,,,,,2,,1.5,0,,,dataset2,18/02/2018 18:59:00,46.0,4.0,0.0,0.0,0.0
2018-02-12 06:23:00,,,,,,,,2,,13.0,0,,,dataset2,12/02/2018 06:23:00,2.0,0.0,0.0,0.0,0.0
2017-12-30 02:15:00,,,,,,,,0,,9.5,0,,,dataset2,30/12/2017 02:15:00,41.0,1.0,0.0,0.0,0.0
2018-01-04 00:48:00,,,,,,,,1,,8.0,0,,,dataset2,04/01/2018 00:48:00,29.0,2.0,0.0,0.0,0.0
2018-02-11 01:22:00,,,,,,,,2,,8.0,0,,,dataset2,11/02/2018 01:22:00,56.0,1.0,0.0,0.0,0.0
2017-12-29 22:15:00,,,,,,,,0,,5.5,0,,,dataset2,29/12/2017 22:15:00,60.0,3.0,0.0,0.0,0.0
2018-01-28 02:39:00,,,,,,,,1,,9.5,0,,,dataset2,28/01/2018 02:39:00,33.0,1.133064516,0.0,0.0,0.0
2018-01-28 01:39:00,,,,,,,,1,,8.5,0,,,dataset2,28/01/2018 01:39:00,44.0,1.991359447,0.0,0.0,0.0
2018-02-19 03:29:00,,,,,,,,2,,10.0,0,,,dataset2,19/02/2018 03:29:00,22.0,1.0,0.0,0.0,0.0
2018-02-04 23:17:00,,,,,,,,2,,6.0,0,,,dataset2,04/02/2018 23:17:00,83.0,1.474576271,0.0,0.0,0.0
2018-02-13 04:54:00,,,,,,,,2,,11.5,0,,,dataset2,13/02/2018 04:54:00,5.0,0.0,6.633333333,1.0,1.0
2/8/18 01:47,8.0,rat,2/8/18 01:47,2/8/18 01:48,7.0,1.0,0.0,2,2/7/18 17:19,8.481666667,0,rat attack,0.0,dataset1,02/08/2018 01:47:00,,,,,
2017-12-30 06:15:00,,,,,,,,0,,13.5,0,,,dataset2,30/12/2017 06:15:00,1.0,0.0,0.0,0.0,0.0
2017-12-28 02:43:00,,,,,,,,0,,10.0,0,,,dataset2,28/12/2017 02:43:00,23.0,1.0,0.0,0.0,0.0
